-7.0,6.0,-1.0,12.0,18.0,1.0,-4.0,9.0,0.0,-11.0,-3.0,-5.0,-3.0,-1.0,2.0,-3.0,-7.0,-5.0,-3.0,-8.0,-11.0,-5.0,-1.0,-4.0,-7.0,-1.0,-1.0,-5.0,-8.0,-5.0,-7.0,-6.0,-2.0,3.0,-1.0,-5.0,-8.0,4.0,-3.0,-14.0,-17.0,15.0,1.0,-1.0,-1.0,4.0,1.0,9.0,37.0,-12.0,-5.0,-1.0,2.0,7.0,3.0,3.0,-32.0,2.0,0.0,1.0,10.0,4.0,1.0,3.0,5
36.0,3.0,0.0,-5.0,-9.0,-11.0,0.0,0.0,2.0,10.0,-4.0,2.0,1.0,-1.0,0.0,-4.0,-16.0,1.0,0.0,2.0,7.0,1.0,2.0,-3.0,-4.0,-17.0,-3.0,-2.0,-2.0,5.0,0.0,2.0,10.0,4.0,0.0,-2.0,-5.0,-2.0,2.0,1.0,-28.0,-30.0,2.0,-1.0,-2.0,-9.0,-6.0,-16.0,4.0,17.0,-1.0,-1.0,0.0,2.0,-3.0,9.0,13.0,1.0,-2.0,-1.0,-7.0,-10.0,-2.0,1.0,5
25.0,22.0,1.0,-1.0,0.0,4.0,0.0,-4.0,-3.0,0.0,-2.0,2.0,6.0,6.0,-1.0,7.0,-17.0,-4.0,-2.0,1.0,4.0,5.0,6.0,-13.0,-26.0,-5.0,-3.0,-4.0,0.0,-7.0,-10.0,0.0,-5.0,-13.0,-4.0,-14.0,-16.0,-4.0,-1.0,-3.0,0.0,5.0,0.0,11.0,7.0,-5.0,-1.0,-3.0,11.0,26.0,-1.0,-13.0,-16.0,-3.0,-9.0,4.0,-9.0,-10.0,-2.0,7.0,8.0,9.0,4.0,-17.0,5
-14.0,-12.0,0.0,3.0,3.0,-3.0,-3.0,5.0,5.0,10.0,-2.0,-3.0,3.0,1.0,2.0,-2.0,-7.0,3.0,1.0,3.0,2.0,0.0,3.0,4.0,14.0,6.0,0.0,-7.0,-14.0,-9.0,-5.0,-6.0,4.0,18.0,1.0,-1.0,-5.0,-4.0,1.0,0.0,5.0,8.0,0.0,0.0,1.0,1.0,0.0,3.0,-4.0,16.0,1.0,-2.0,3.0,2.0,-8.0,15.0,34.0,12.0,1.0,-3.0,-10.0,-1.0,2.0,-2.0,5
-1.0,-5.0,-3.0,1.0,4.0,3.0,-2.0,-1.0,-13.0,-17.0,-3.0,-2.0,-2.0,-7.0,-2.0,4.0,-14.0,-35.0,-1.0,-1.0,-6.0,0.0,1.0,-8.0,-10.0,-37.0,-6.0,-6.0,-5.0,-3.0,-6.0,-19.0,5.0,2.0,-1.0,2.0,2.0,2.0,0.0,24.0,-19.0,5.0,1.0,-2.0,-6.0,-1.0,1.0,2.0,27.0,7.0,1.0,-17.0,-25.0,-10.0,4.0,6.0,-3.0,20.0,3.0,20.0,26.0,15.0,2.0,5.0,5
-6.0,-5.0,2.0,7.0,13.0,8.0,7.0,-7.0,-1.0,8.0,-1.0,2.0,7.0,3.0,4.0,4.0,-4.0,-8.0,-1.0,2.0,4.0,-3.0,-9.0,-10.0,1.0,-16.0,-8.0,-11.0,-13.0,1.0,1.0,-9.0,-16.0,-1.0,1.0,-1.0,-9.0,-13.0,-13.0,-8.0,57.0,20.0,4.0,-1.0,-6.0,5.0,0.0,13.0,-5.0,-17.0,-7.0,-13.0,-5.0,4.0,4.0,-9.0,-22.0,8.0,3.0,19.0,19.0,-3.0,-2.0,1.0,5
0.0,0.0,1.0,2.0,9.0,-1.0,0.0,-6.0,-17.0,-45.0,-3.0,-8.0,-7.0,-4.0,-1.0,-8.0,3.0,21.0,4.0,4.0,1.0,1.0,-9.0,7.0,-23.0,3.0,-5.0,-14.0,-13.0,-7.0,-4.0,-3.0,6.0,-13.0,-3.0,-4.0,-7.0,0.0,1.0,-3.0,-6.0,12.0,2.0,5.0,10.0,5.0,1.0,6.0,12.0,3.0,1.0,8.0,3.0,0.0,5.0,-3.0,-10.0,-1.0,0.0,-4.0,3.0,-4.0,-5.0,2.0,5
2.0,-5.0,-1.0,0.0,-3.0,-5.0,-5.0,-5.0,-12.0,9.0,-1.0,-5.0,-5.0,1.0,-1.0,1.0,-15.0,-19.0,-3.0,5.0,4.0,-3.0,3.0,-8.0,43.0,27.0,4.0,-4.0,0.0,1.0,-4.0,23.0,5.0,37.0,5.0,-8.0,-11.0,1.0,8.0,-2.0,6.0,-2.0,-3.0,4.0,-4.0,-4.0,-5.0,4.0,7.0,3.0,0.0,4.0,-3.0,-10.0,-5.0,-3.0,-1.0,-3.0,0.0,-1.0,-5.0,-3.0,-2.0,-11.0,5
7.0,24.0,-1.0,2.0,5.0,3.0,6.0,5.0,-26.0,-39.0,1.0,-6.0,-7.0,-2.0,-7.0,1.0,10.0,-3.0,-3.0,-3.0,-4.0,2.0,7.0,10.0,22.0,10.0,-1.0,-2.0,-2.0,-8.0,-2.0,-6.0,-10.0,-17.0,3.0,7.0,-2.0,-1.0,2.0,15.0,0.0,20.0,-1.0,2.0,11.0,0.0,-6.0,-12.0,-11.0,2.0,-4.0,-2.0,8.0,9.0,9.0,-2.0,-5.0,-8.0,0.0,-5.0,-7.0,-4.0,-1.0,-2.0,5
-8.0,-17.0,-1.0,0.0,-7.0,-5.0,-1.0,-7.0,-28.0,6.0,-2.0,0.0,0.0,-3.0,-6.0,-22.0,19.0,1.0,-1.0,2.0,2.0,2.0,5.0,22.0,-11.0,1.0,-1.0,-2.0,-1.0,3.0,0.0,2.0,6.0,2.0,-2.0,0.0,7.0,8.0,1.0,-1.0,-16.0,2.0,0.0,0.0,1.0,-3.0,-1.0,-2.0,6.0,10.0,0.0,1.0,0.0,2.0,-5.0,-26.0,1.0,-5.0,-2.0,-4.0,-3.0,1.0,3.0,12.0,5
1.0,-9.0,-3.0,-9.0,-6.0,-2.0,1.0,4.0,17.0,-2.0,0.0,9.0,6.0,3.0,-2.0,1.0,-15.0,-17.0,-3.0,4.0,5.0,1.0,-3.0,-5.0,-19.0,-7.0,0.0,0.0,-7.0,-7.0,-2.0,0.0,1.0,-3.0,-1.0,-4.0,-6.0,-11.0,-3.0,-5.0,10.0,17.0,-3.0,-2.0,-8.0,9.0,10.0,9.0,-2.0,14.0,1.0,3.0,-3.0,-9.0,-9.0,-11.0,-18.0,18.0,0.0,-4.0,-4.0,4.0,6.0,6.0,5
29.0,-11.0,-6.0,-12.0,-8.0,2.0,-6.0,1.0,26.0,29.0,4.0,21.0,14.0,-7.0,-4.0,-4.0,-40.0,-13.0,-2.0,3.0,11.0,5.0,-1.0,-4.0,34.0,10.0,3.0,2.0,5.0,4.0,-1.0,-5.0,-8.0,-7.0,-1.0,-6.0,-6.0,-2.0,-2.0,2.0,1.0,5.0,-6.0,-12.0,-13.0,-3.0,0.0,1.0,-16.0,-5.0,1.0,1.0,2.0,6.0,7.0,2.0,-15.0,-25.0,-4.0,-4.0,-2.0,5.0,1.0,-2.0,5
-7.0,2.0,1.0,7.0,6.0,-2.0,-6.0,-12.0,2.0,-40.0,-7.0,-11.0,-14.0,-5.0,-1.0,-3.0,-16.0,-8.0,-1.0,-2.0,-1.0,4.0,8.0,-9.0,-4.0,-5.0,3.0,-6.0,-8.0,-7.0,-9.0,17.0,9.0,7.0,-2.0,3.0,4.0,0.0,-4.0,-4.0,1.0,13.0,2.0,-6.0,3.0,7.0,1.0,3.0,14.0,-4.0,-5.0,-7.0,-11.0,-8.0,0.0,1.0,-8.0,14.0,-3.0,-3.0,-4.0,-4.0,-2.0,-20.0,5
-10.0,20.0,4.0,11.0,6.0,-3.0,-3.0,2.0,5.0,-13.0,-3.0,-5.0,4.0,-4.0,2.0,-5.0,26.0,9.0,0.0,-5.0,-6.0,-14.0,1.0,16.0,-13.0,4.0,-3.0,0.0,-5.0,3.0,6.0,-15.0,-17.0,-3.0,0.0,2.0,4.0,0.0,-9.0,-5.0,2.0,0.0,1.0,1.0,0.0,0.0,-2.0,-5.0,-1.0,-1.0,0.0,-1.0,0.0,2.0,-4.0,2.0,4.0,-9.0,-3.0,-3.0,-6.0,-8.0,-3.0,-5.0,5
-14.0,-20.0,-6.0,-4.0,5.0,0.0,7.0,-3.0,-2.0,11.0,1.0,-1.0,1.0,-1.0,2.0,10.0,20.0,12.0,3.0,-4.0,-5.0,4.0,-4.0,-5.0,6.0,14.0,-3.0,-18.0,-17.0,-9.0,-4.0,2.0,-20.0,-4.0,0.0,27.0,19.0,6.0,-2.0,-8.0,20.0,13.0,1.0,-8.0,4.0,11.0,3.0,1.0,-18.0,-14.0,1.0,4.0,9.0,1.0,0.0,6.0,1.0,-8.0,0.0,-2.0,-7.0,1.0,-1.0,-6.0,5
-9.0,-10.0,-5.0,-17.0,-19.0,-16.0,-10.0,-19.0,-3.0,10.0,-3.0,-4.0,-12.0,-8.0,-6.0,28.0,-2.0,5.0,0.0,14.0,15.0,8.0,2.0,6.0,-16.0,-45.0,-4.0,3.0,14.0,8.0,7.0,7.0,6.0,-9.0,-4.0,-3.0,-2.0,-3.0,-1.0,1.0,-7.0,-3.0,-3.0,1.0,1.0,-4.0,-2.0,-5.0,2.0,2.0,-3.0,-9.0,-11.0,-3.0,-4.0,-10.0,-25.0,-5.0,-1.0,6.0,5.0,2.0,2.0,0.0,5
74.0,24.0,6.0,3.0,1.0,3.0,1.0,15.0,-9.0,-8.0,1.0,-3.0,-5.0,-2.0,3.0,-6.0,-5.0,-14.0,-5.0,-2.0,0.0,2.0,1.0,0.0,-1.0,13.0,1.0,7.0,9.0,14.0,3.0,-5.0,-11.0,-5.0,-1.0,-4.0,-1.0,3.0,6.0,3.0,5.0,1.0,0.0,-3.0,-8.0,-10.0,-7.0,-6.0,-8.0,-10.0,-2.0,0.0,-1.0,-1.0,2.0,1.0,13.0,9.0,-2.0,2.0,2.0,-10.0,-13.0,-4.0,5
-15.0,0.0,-2.0,-5.0,-9.0,-3.0,2.0,5.0,-2.0,-5.0,-3.0,0.0,-1.0,-5.0,-3.0,-1.0,-11.0,-5.0,-1.0,5.0,12.0,-4.0,-3.0,-18.0,17.0,-2.0,2.0,1.0,0.0,-8.0,0.0,25.0,-26.0,-11.0,-2.0,5.0,6.0,5.0,4.0,-14.0,22.0,8.0,2.0,-3.0,0.0,-1.0,-4.0,-3.0,12.0,5.0,-1.0,-5.0,-9.0,-4.0,-3.0,-2.0,10.0,33.0,6.0,4.0,3.0,1.0,0.0,3.0,5
-50.0,-8.0,-9.0,-37.0,-32.0,-4.0,-3.0,-2.0,49.0,-36.0,0.0,31.0,21.0,-2.0,4.0,11.0,-27.0,-31.0,0.0,-4.0,7.0,-3.0,-8.0,-8.0,16.0,13.0,-2.0,-1.0,-4.0,-1.0,0.0,-4.0,-15.0,-1.0,0.0,5.0,7.0,6.0,10.0,10.0,-24.0,-6.0,-5.0,-18.0,-19.0,-1.0,-7.0,-14.0,10.0,7.0,-1.0,-9.0,-11.0,3.0,4.0,7.0,-33.0,-16.0,0.0,9.0,5.0,-8.0,-10.0,-27.0,5
36.0,-2.0,-1.0,-6.0,-6.0,-6.0,-4.0,20.0,-21.0,3.0,1.0,-2.0,0.0,5.0,1.0,-3.0,0.0,0.0,0.0,5.0,-2.0,-7.0,0.0,1.0,-6.0,-8.0,-5.0,-3.0,-3.0,-3.0,-5.0,-13.0,9.0,-1.0,-1.0,6.0,6.0,-9.0,-4.0,1.0,6.0,7.0,-2.0,-2.0,-4.0,-2.0,2.0,-1.0,-13.0,2.0,-1.0,-3.0,-7.0,-1.0,-1.0,-1.0,7.0,-1.0,-5.0,-22.0,-5.0,14.0,8.0,9.0,5
0.0,2.0,3.0,28.0,7.0,-6.0,0.0,-6.0,-5.0,2.0,1.0,4.0,19.0,4.0,6.0,9.0,3.0,20.0,1.0,-5.0,-11.0,-8.0,-9.0,-9.0,7.0,-6.0,-2.0,-2.0,-5.0,2.0,5.0,4.0,5.0,5.0,0.0,-1.0,6.0,5.0,0.0,-5.0,-39.0,-34.0,-3.0,-8.0,-14.0,-3.0,-6.0,-5.0,5.0,-12.0,-2.0,-8.0,-2.0,-2.0,-13.0,-5.0,-5.0,14.0,0.0,-3.0,-8.0,-9.0,-6.0,-3.0,5
-7.0,-2.0,-2.0,-3.0,-9.0,-6.0,-2.0,2.0,9.0,3.0,0.0,1.0,7.0,2.0,5.0,3.0,11.0,-12.0,-1.0,-4.0,-13.0,-1.0,-2.0,-14.0,-25.0,6.0,0.0,1.0,-4.0,-7.0,-11.0,14.0,-2.0,-4.0,-2.0,-3.0,-4.0,2.0,1.0,0.0,-20.0,-3.0,0.0,3.0,0.0,-3.0,-2.0,-1.0,6.0,2.0,-1.0,-9.0,-16.0,-5.0,-3.0,0.0,4.0,0.0,-3.0,0.0,4.0,8.0,0.0,-6.0,5
1.0,-5.0,1.0,4.0,7.0,-2.0,2.0,-1.0,-12.0,2.0,0.0,-2.0,-4.0,3.0,-3.0,-6.0,-4.0,19.0,1.0,0.0,2.0,-8.0,-6.0,4.0,0.0,-11.0,-4.0,-7.0,-14.0,-3.0,0.0,-2.0,0.0,16.0,-5.0,-8.0,-4.0,8.0,-3.0,3.0,2.0,3.0,3.0,13.0,18.0,2.0,0.0,-1.0,-17.0,-19.0,-2.0,3.0,6.0,3.0,2.0,-15.0,24.0,37.0,6.0,5.0,9.0,-6.0,0.0,15.0,5
-3.0,1.0,-1.0,-1.0,1.0,0.0,5.0,6.0,-2.0,-5.0,1.0,-6.0,-4.0,-4.0,-1.0,-3.0,-2.0,-8.0,-4.0,-5.0,-5.0,-2.0,-6.0,-4.0,-32.0,-15.0,0.0,-1.0,-3.0,-10.0,-4.0,-15.0,12.0,-12.0,-4.0,-6.0,-8.0,0.0,2.0,9.0,-14.0,-6.0,-4.0,1.0,2.0,-2.0,-1.0,3.0,30.0,3.0,0.0,-1.0,2.0,6.0,8.0,13.0,-1.0,1.0,1.0,0.0,-6.0,4.0,3.0,-11.0,5
-9.0,4.0,0.0,-1.0,5.0,-4.0,-7.0,-10.0,-8.0,-16.0,-5.0,-6.0,-9.0,-9.0,-3.0,2.0,-31.0,-4.0,-5.0,-10.0,-11.0,-9.0,-3.0,-4.0,12.0,-2.0,2.0,6.0,11.0,6.0,3.0,0.0,5.0,-5.0,-1.0,2.0,5.0,0.0,1.0,-6.0,6.0,10.0,-2.0,2.0,3.0,3.0,-3.0,2.0,-6.0,6.0,0.0,2.0,4.0,14.0,4.0,-14.0,-2.0,-38.0,-4.0,-6.0,-8.0,-5.0,-1.0,25.0,5
-15.0,-4.0,1.0,1.0,-5.0,-5.0,-4.0,-9.0,9.0,20.0,3.0,-2.0,-7.0,-8.0,-10.0,9.0,-8.0,-5.0,-1.0,0.0,2.0,1.0,2.0,-1.0,11.0,5.0,-3.0,-7.0,0.0,9.0,9.0,-5.0,-12.0,-6.0,1.0,10.0,3.0,3.0,1.0,-3.0,5.0,-7.0,0.0,-1.0,8.0,9.0,7.0,4.0,10.0,-31.0,-3.0,-4.0,-7.0,-1.0,0.0,-4.0,-16.0,4.0,-3.0,0.0,1.0,-5.0,-8.0,-6.0,5
12.0,-4.0,-5.0,-9.0,-11.0,-15.0,-7.0,0.0,3.0,-2.0,0.0,-2.0,-7.0,-1.0,3.0,-2.0,9.0,1.0,3.0,4.0,6.0,3.0,0.0,9.0,9.0,3.0,-1.0,-7.0,1.0,4.0,5.0,-7.0,-4.0,-8.0,-1.0,4.0,11.0,9.0,5.0,1.0,4.0,1.0,-1.0,0.0,-1.0,1.0,-1.0,-1.0,-5.0,6.0,0.0,-1.0,-9.0,-6.0,0.0,-2.0,-32.0,-12.0,-5.0,2.0,-4.0,-3.0,-7.0,-10.0,5
25.0,30.0,13.0,0.0,-2.0,5.0,2.0,9.0,-10.0,-29.0,-7.0,1.0,7.0,-2.0,-6.0,-8.0,4.0,5.0,-1.0,1.0,4.0,-2.0,-3.0,6.0,-5.0,5.0,0.0,-7.0,-9.0,-3.0,4.0,-1.0,-12.0,2.0,1.0,13.0,21.0,15.0,8.0,-12.0,-2.0,-5.0,-4.0,-7.0,-13.0,-8.0,-14.0,-16.0,7.0,20.0,-1.0,-1.0,0.0,-4.0,-2.0,27.0,15.0,6.0,-1.0,0.0,-4.0,-11.0,-16.0,5.0,5
-18.0,-17.0,-8.0,-13.0,-12.0,-6.0,-6.0,-11.0,26.0,5.0,3.0,4.0,7.0,8.0,19.0,8.0,-2.0,6.0,-1.0,2.0,9.0,6.0,-7.0,-8.0,5.0,9.0,5.0,3.0,0.0,12.0,6.0,-3.0,1.0,-7.0,-1.0,-3.0,-11.0,-15.0,-9.0,3.0,-5.0,35.0,5.0,2.0,4.0,-2.0,-1.0,-1.0,-16.0,-9.0,-3.0,-8.0,-14.0,-4.0,0.0,-1.0,44.0,16.0,2.0,1.0,-2.0,5.0,8.0,9.0,5
-10.0,-14.0,-3.0,2.0,-1.0,-7.0,-4.0,-5.0,-7.0,1.0,-2.0,-3.0,-1.0,2.0,1.0,0.0,8.0,4.0,2.0,7.0,12.0,-4.0,5.0,-5.0,-19.0,-11.0,-2.0,0.0,1.0,-1.0,-6.0,-4.0,3.0,17.0,-2.0,-1.0,4.0,5.0,-2.0,1.0,5.0,-21.0,-5.0,-10.0,-13.0,-7.0,-6.0,-6.0,-13.0,0.0,1.0,6.0,5.0,6.0,3.0,9.0,2.0,-5.0,-4.0,-1.0,3.0,-3.0,-5.0,-10.0,5
-14.0,7.0,1.0,1.0,3.0,0.0,0.0,10.0,-1.0,4.0,-1.0,-2.0,-6.0,-11.0,-7.0,-4.0,-9.0,-16.0,2.0,-3.0,-3.0,-7.0,1.0,-3.0,-10.0,-5.0,0.0,2.0,-2.0,-6.0,-3.0,-14.0,-8.0,-3.0,0.0,0.0,1.0,-9.0,-3.0,-1.0,-9.0,-2.0,-3.0,-9.0,-9.0,1.0,2.0,0.0,28.0,8.0,-1.0,7.0,3.0,4.0,2.0,4.0,-5.0,-10.0,0.0,-1.0,-4.0,-2.0,1.0,-4.0,5
-6.0,-3.0,-2.0,-5.0,-4.0,-1.0,2.0,-1.0,4.0,-1.0,-2.0,-1.0,0.0,4.0,2.0,3.0,-5.0,-1.0,-2.0,-25.0,-29.0,-4.0,-5.0,-5.0,-10.0,-6.0,-4.0,11.0,4.0,4.0,4.0,-11.0,4.0,-12.0,-3.0,2.0,5.0,0.0,-2.0,23.0,1.0,10.0,3.0,1.0,-4.0,-3.0,-1.0,-3.0,52.0,34.0,6.0,1.0,4.0,5.0,-4.0,-1.0,-3.0,5.0,0.0,-9.0,-11.0,-9.0,-5.0,1.0,5
-8.0,-18.0,-1.0,-2.0,-5.0,2.0,4.0,-8.0,-3.0,6.0,-4.0,-3.0,-2.0,-3.0,-1.0,-1.0,-42.0,-12.0,-3.0,7.0,8.0,3.0,0.0,-4.0,13.0,4.0,2.0,5.0,15.0,9.0,11.0,7.0,25.0,-2.0,-2.0,2.0,2.0,0.0,-13.0,-15.0,3.0,15.0,-1.0,-2.0,4.0,19.0,9.0,8.0,-22.0,-13.0,-6.0,-5.0,-11.0,-14.0,-10.0,-7.0,2.0,-13.0,-3.0,-4.0,-12.0,-14.0,-7.0,-7.0,5
-15.0,8.0,3.0,-1.0,2.0,-5.0,5.0,-2.0,3.0,-3.0,-2.0,2.0,2.0,3.0,-6.0,-10.0,43.0,0.0,0.0,-1.0,5.0,5.0,7.0,28.0,-9.0,3.0,0.0,-2.0,1.0,2.0,2.0,1.0,3.0,-6.0,-2.0,-3.0,-6.0,-1.0,-1.0,-8.0,-10.0,6.0,3.0,5.0,0.0,-3.0,-13.0,-13.0,-11.0,-8.0,-3.0,5.0,8.0,-1.0,4.0,19.0,-7.0,5.0,1.0,1.0,5.0,5.0,3.0,3.0,5
9.0,2.0,-1.0,-7.0,-9.0,-2.0,1.0,0.0,3.0,-9.0,-1.0,1.0,0.0,-7.0,-4.0,-7.0,4.0,2.0,-2.0,-9.0,-19.0,-6.0,-6.0,-10.0,-4.0,5.0,2.0,14.0,23.0,9.0,4.0,6.0,-3.0,-5.0,-1.0,-3.0,4.0,5.0,0.0,-8.0,21.0,2.0,-1.0,4.0,6.0,-8.0,-2.0,7.0,-25.0,-22.0,-7.0,-13.0,-11.0,-4.0,-6.0,-12.0,4.0,5.0,2.0,7.0,8.0,10.0,9.0,8.0,5
1.0,-7.0,-2.0,1.0,-5.0,-6.0,-3.0,-2.0,-15.0,-9.0,-2.0,-2.0,0.0,0.0,2.0,-4.0,4.0,3.0,1.0,-3.0,-4.0,-3.0,3.0,0.0,-10.0,-2.0,-3.0,-2.0,-4.0,-1.0,-11.0,-13.0,0.0,26.0,2.0,0.0,4.0,4.0,5.0,-12.0,6.0,-18.0,1.0,-3.0,-7.0,-4.0,-5.0,23.0,-6.0,5.0,1.0,3.0,7.0,3.0,0.0,-5.0,-8.0,3.0,-2.0,-4.0,-7.0,-6.0,6.0,5.0,5
0.0,-4.0,2.0,-2.0,-7.0,2.0,-7.0,-9.0,1.0,-3.0,-3.0,-1.0,1.0,-10.0,-4.0,-3.0,-15.0,-17.0,0.0,6.0,5.0,4.0,1.0,-6.0,12.0,8.0,-1.0,-5.0,-4.0,-4.0,-8.0,-6.0,8.0,1.0,-3.0,-4.0,-3.0,2.0,3.0,5.0,-14.0,-7.0,-2.0,-7.0,-15.0,-9.0,-12.0,-10.0,-15.0,-33.0,-2.0,4.0,14.0,2.0,-4.0,-6.0,7.0,7.0,-2.0,-4.0,-10.0,-13.0,-10.0,-7.0,5
10.0,0.0,1.0,9.0,17.0,14.0,4.0,7.0,-12.0,-10.0,-3.0,-5.0,-2.0,2.0,6.0,2.0,-5.0,8.0,0.0,4.0,-2.0,-3.0,-3.0,-10.0,3.0,-7.0,-2.0,-8.0,-5.0,2.0,-4.0,-4.0,-8.0,-9.0,-1.0,0.0,7.0,4.0,6.0,12.0,2.0,-2.0,0.0,0.0,-3.0,-4.0,-6.0,-10.0,-33.0,12.0,-2.0,-4.0,-12.0,-6.0,5.0,-6.0,60.0,-9.0,1.0,-4.0,-3.0,3.0,-4.0,5.0,5
2.0,-35.0,-4.0,-1.0,-6.0,-11.0,-1.0,28.0,25.0,6.0,3.0,-1.0,-4.0,4.0,6.0,8.0,5.0,4.0,-4.0,3.0,10.0,7.0,4.0,-5.0,-26.0,-10.0,-2.0,6.0,6.0,0.0,4.0,-1.0,-14.0,0.0,-2.0,-4.0,-1.0,3.0,-2.0,-5.0,8.0,6.0,-1.0,-3.0,-12.0,-4.0,-8.0,-9.0,0.0,-3.0,0.0,-6.0,-6.0,-2.0,-4.0,9.0,-8.0,2.0,0.0,0.0,-4.0,-11.0,-6.0,-15.0,5
-17.0,-18.0,0.0,-3.0,-18.0,-9.0,-7.0,-8.0,-16.0,15.0,0.0,-9.0,-3.0,2.0,8.0,12.0,15.0,15.0,5.0,14.0,14.0,1.0,-2.0,-2.0,-9.0,-2.0,0.0,-5.0,-1.0,1.0,-1.0,-1.0,6.0,4.0,0.0,0.0,7.0,1.0,2.0,5.0,-10.0,-6.0,0.0,2.0,1.0,1.0,4.0,-4.0,1.0,-3.0,-1.0,-5.0,-10.0,-3.0,-3.0,-5.0,-6.0,-1.0,-4.0,-3.0,-4.0,-9.0,0.0,-2.0,5
-5.0,10.0,-3.0,-3.0,-8.0,-5.0,-11.0,-16.0,-36.0,-17.0,-4.0,-4.0,-5.0,-2.0,-4.0,-9.0,16.0,21.0,1.0,-13.0,-25.0,-12.0,-8.0,11.0,2.0,2.0,3.0,15.0,33.0,14.0,7.0,5.0,8.0,13.0,2.0,11.0,18.0,3.0,5.0,-12.0,-14.0,-11.0,-2.0,8.0,18.0,13.0,10.0,2.0,-18.0,-12.0,-6.0,-10.0,-7.0,-7.0,-8.0,-11.0,-1.0,-3.0,-2.0,-11.0,-20.0,-8.0,-5.0,4.0,5
-14.0,-18.0,-1.0,-4.0,-8.0,-5.0,1.0,-5.0,37.0,38.0,-2.0,0.0,2.0,0.0,-4.0,1.0,32.0,-23.0,1.0,2.0,6.0,6.0,7.0,0.0,-5.0,-9.0,-1.0,-3.0,-6.0,2.0,4.0,4.0,-14.0,1.0,0.0,-1.0,4.0,3.0,-4.0,-2.0,-17.0,-7.0,-1.0,-1.0,-2.0,-2.0,4.0,2.0,26.0,9.0,1.0,1.0,2.0,1.0,-2.0,-4.0,4.0,15.0,-1.0,-3.0,3.0,10.0,11.0,6.0,5
-8.0,-5.0,-3.0,-2.0,-12.0,-15.0,-15.0,-5.0,-19.0,-7.0,2.0,5.0,0.0,-2.0,0.0,-11.0,-20.0,2.0,-1.0,4.0,10.0,5.0,-1.0,2.0,19.0,-1.0,-2.0,-2.0,-6.0,2.0,3.0,-1.0,13.0,13.0,-3.0,-6.0,-8.0,-1.0,4.0,7.0,-2.0,-9.0,-3.0,0.0,1.0,-2.0,-2.0,-6.0,3.0,-2.0,1.0,-5.0,-7.0,0.0,-1.0,-3.0,-10.0,-3.0,-3.0,5.0,-1.0,-3.0,-6.0,0.0,5
-5.0,-18.0,-2.0,-3.0,-3.0,1.0,-1.0,-6.0,1.0,-3.0,5.0,5.0,11.0,6.0,4.0,10.0,7.0,3.0,-3.0,-4.0,3.0,1.0,3.0,12.0,6.0,22.0,-1.0,-4.0,-1.0,-3.0,-4.0,-3.0,-16.0,-6.0,-2.0,2.0,1.0,-7.0,0.0,-2.0,3.0,-16.0,-7.0,-2.0,0.0,-5.0,-4.0,-6.0,5.0,11.0,1.0,1.0,11.0,8.0,9.0,8.0,13.0,-2.0,1.0,-2.0,-4.0,6.0,-4.0,-9.0,5
-33.0,-19.0,-5.0,2.0,1.0,-1.0,2.0,-9.0,-8.0,-17.0,-1.0,-2.0,-7.0,-2.0,1.0,1.0,10.0,17.0,1.0,-7.0,-19.0,-7.0,-10.0,-5.0,0.0,0.0,-1.0,-9.0,-12.0,-3.0,0.0,1.0,-4.0,-3.0,0.0,13.0,20.0,7.0,4.0,-6.0,-1.0,-10.0,-2.0,-5.0,-8.0,-4.0,1.0,1.0,5.0,-3.0,-3.0,0.0,2.0,6.0,-2.0,5.0,15.0,8.0,-1.0,-4.0,-5.0,-7.0,-6.0,-4.0,5
-36.0,-5.0,-1.0,-1.0,-7.0,-3.0,-7.0,-11.0,38.0,3.0,-3.0,2.0,5.0,3.0,3.0,7.0,-26.0,12.0,6.0,1.0,2.0,-3.0,2.0,2.0,39.0,15.0,-1.0,-2.0,-6.0,-3.0,-5.0,-2.0,4.0,-38.0,-4.0,-1.0,5.0,2.0,1.0,1.0,-12.0,-1.0,-1.0,1.0,10.0,2.0,4.0,1.0,2.0,-3.0,-3.0,-3.0,1.0,1.0,-2.0,0.0,-12.0,16.0,1.0,2.0,4.0,-7.0,0.0,3.0,5
4.0,8.0,0.0,-1.0,-9.0,-9.0,0.0,1.0,-19.0,-4.0,-2.0,-3.0,-8.0,-3.0,-6.0,-13.0,5.0,-14.0,-4.0,-2.0,-1.0,6.0,5.0,-7.0,-11.0,-10.0,-2.0,0.0,3.0,-2.0,-16.0,0.0,27.0,6.0,-3.0,-2.0,0.0,0.0,0.0,-4.0,-24.0,4.0,5.0,-5.0,-3.0,3.0,4.0,9.0,6.0,6.0,-2.0,-1.0,-5.0,-2.0,1.0,5.0,-12.0,-8.0,-1.0,1.0,1.0,-1.0,3.0,3.0,5
-14.0,-6.0,-2.0,-4.0,1.0,2.0,1.0,-5.0,-7.0,-20.0,-5.0,-3.0,-6.0,-10.0,-8.0,-10.0,-9.0,-20.0,-1.0,0.0,-1.0,3.0,3.0,0.0,17.0,1.0,-2.0,4.0,9.0,6.0,7.0,-4.0,-17.0,-29.0,-5.0,-9.0,-18.0,-15.0,-18.0,-4.0,19.0,16.0,3.0,0.0,6.0,-5.0,-7.0,4.0,1.0,-3.0,0.0,-7.0,-5.0,1.0,1.0,0.0,-4.0,3.0,-3.0,6.0,9.0,3.0,6.0,4.0,5
1.0,11.0,4.0,0.0,10.0,10.0,6.0,-2.0,-8.0,1.0,-4.0,-2.0,-3.0,2.0,0.0,-5.0,10.0,4.0,1.0,3.0,2.0,-9.0,-4.0,-6.0,-5.0,13.0,-1.0,0.0,-1.0,9.0,10.0,8.0,4.0,-3.0,-1.0,-3.0,-6.0,-10.0,-10.0,-6.0,-3.0,-8.0,-1.0,2.0,5.0,5.0,-2.0,9.0,-7.0,0.0,-5.0,-15.0,-17.0,-8.0,-6.0,-2.0,1.0,0.0,2.0,4.0,8.0,4.0,4.0,-1.0,5
-13.0,4.0,1.0,3.0,7.0,3.0,3.0,-2.0,16.0,-4.0,0.0,7.0,11.0,6.0,0.0,-5.0,0.0,19.0,4.0,1.0,-6.0,-5.0,-4.0,-4.0,-4.0,-5.0,-1.0,-7.0,-18.0,-19.0,-8.0,8.0,-6.0,-3.0,0.0,-8.0,-15.0,-3.0,-1.0,-10.0,8.0,7.0,-3.0,-5.0,-8.0,-3.0,-11.0,0.0,-2.0,0.0,-5.0,-4.0,0.0,1.0,1.0,3.0,-4.0,-13.0,-2.0,-1.0,-5.0,-3.0,-7.0,-9.0,5
26.0,16.0,1.0,0.0,4.0,7.0,-3.0,-3.0,-42.0,-22.0,-1.0,2.0,1.0,-7.0,0.0,3.0,52.0,24.0,4.0,0.0,4.0,2.0,1.0,14.0,-9.0,-2.0,3.0,6.0,-1.0,-1.0,6.0,-3.0,9.0,7.0,-1.0,-3.0,-2.0,-7.0,-6.0,11.0,-2.0,2.0,-1.0,8.0,7.0,3.0,-4.0,-6.0,-23.0,-13.0,-3.0,-6.0,-8.0,-10.0,0.0,0.0,-9.0,-6.0,-2.0,-7.0,-10.0,-5.0,-2.0,-9.0,5
-4.0,-3.0,0.0,-3.0,-7.0,1.0,0.0,0.0,19.0,6.0,-3.0,-4.0,-7.0,6.0,2.0,1.0,-31.0,-49.0,-6.0,9.0,9.0,-1.0,-3.0,-9.0,8.0,8.0,-2.0,-2.0,4.0,2.0,-1.0,-8.0,-2.0,-3.0,-1.0,1.0,-3.0,-6.0,-6.0,1.0,-4.0,14.0,-3.0,-8.0,-5.0,-1.0,-3.0,5.0,-15.0,3.0,-1.0,-3.0,-2.0,1.0,-2.0,-2.0,0.0,4.0,-2.0,-3.0,0.0,-2.0,1.0,-7.0,5
5.0,-5.0,-3.0,1.0,13.0,3.0,-7.0,-4.0,4.0,-2.0,3.0,-3.0,-10.0,-3.0,-14.0,-26.0,-4.0,1.0,-1.0,0.0,-1.0,5.0,7.0,10.0,-4.0,-3.0,0.0,12.0,17.0,0.0,5.0,4.0,12.0,7.0,1.0,-4.0,-3.0,-4.0,-4.0,-4.0,4.0,-4.0,-3.0,1.0,1.0,-2.0,5.0,12.0,-4.0,-10.0,-1.0,-4.0,-11.0,-7.0,-6.0,-11.0,-20.0,-20.0,-2.0,-10.0,-8.0,0.0,3.0,-5.0,5
18.0,21.0,-1.0,5.0,2.0,-3.0,-7.0,9.0,-5.0,-4.0,1.0,4.0,11.0,3.0,2.0,-3.0,13.0,-5.0,-3.0,1.0,1.0,-4.0,1.0,0.0,-40.0,0.0,-2.0,-7.0,1.0,7.0,5.0,2.0,27.0,0.0,2.0,-3.0,-9.0,-4.0,2.0,2.0,9.0,-1.0,-5.0,1.0,3.0,-6.0,-9.0,-17.0,-23.0,-12.0,-1.0,-2.0,-5.0,-2.0,4.0,25.0,9.0,20.0,0.0,2.0,7.0,-2.0,-6.0,-10.0,5
-3.0,-6.0,-4.0,-7.0,-6.0,6.0,4.0,-7.0,33.0,2.0,2.0,-1.0,-8.0,0.0,2.0,10.0,7.0,10.0,-1.0,3.0,3.0,-1.0,3.0,-4.0,-2.0,-8.0,-2.0,1.0,-3.0,-3.0,-2.0,1.0,-5.0,2.0,-1.0,0.0,1.0,-1.0,1.0,-4.0,-6.0,7.0,-3.0,-1.0,2.0,0.0,-1.0,3.0,-17.0,-6.0,-1.0,-9.0,-12.0,-2.0,-1.0,-8.0,0.0,-7.0,-2.0,-3.0,-7.0,-3.0,3.0,-4.0,5
3.0,-1.0,1.0,-4.0,-4.0,-4.0,-8.0,-4.0,-24.0,-2.0,-2.0,4.0,10.0,1.0,-4.0,-9.0,22.0,-4.0,3.0,5.0,9.0,13.0,7.0,22.0,2.0,-15.0,-4.0,-6.0,-9.0,-7.0,-5.0,0.0,-28.0,-5.0,-4.0,-5.0,-6.0,-1.0,5.0,-4.0,2.0,-1.0,0.0,-6.0,-11.0,1.0,0.0,-1.0,-6.0,0.0,0.0,1.0,2.0,4.0,7.0,-20.0,9.0,-2.0,-1.0,1.0,8.0,3.0,-5.0,6.0,5
-62.0,-14.0,-3.0,-4.0,-10.0,-15.0,-13.0,-11.0,60.0,13.0,3.0,2.0,-4.0,-7.0,-16.0,-6.0,-19.0,-60.0,-2.0,3.0,10.0,0.0,-1.0,-9.0,9.0,3.0,0.0,-3.0,-2.0,-2.0,1.0,4.0,9.0,7.0,-2.0,0.0,2.0,8.0,6.0,-2.0,-30.0,-22.0,-4.0,-6.0,-7.0,-9.0,0.0,-5.0,-1.0,13.0,-1.0,2.0,2.0,-5.0,-2.0,0.0,11.0,4.0,0.0,-1.0,8.0,5.0,3.0,-1.0,5
6.0,-11.0,0.0,0.0,-7.0,-4.0,-1.0,4.0,-9.0,4.0,-3.0,-10.0,-16.0,-2.0,2.0,5.0,4.0,6.0,-1.0,-7.0,-18.0,-11.0,-3.0,-13.0,10.0,21.0,-2.0,10.0,16.0,0.0,-12.0,-8.0,10.0,-31.0,0.0,5.0,16.0,8.0,2.0,-7.0,-12.0,-8.0,-2.0,-1.0,1.0,-1.0,3.0,6.0,-14.0,6.0,-2.0,-4.0,-13.0,-2.0,0.0,-7.0,-7.0,-16.0,-4.0,-6.0,-12.0,-6.0,1.0,0.0,5
14.0,14.0,1.0,-2.0,-3.0,-5.0,1.0,3.0,-31.0,-7.0,-3.0,0.0,4.0,2.0,-6.0,-9.0,6.0,-4.0,-5.0,-6.0,-7.0,3.0,0.0,-2.0,7.0,16.0,4.0,-3.0,-3.0,-6.0,0.0,5.0,9.0,5.0,-3.0,8.0,12.0,5.0,3.0,4.0,-12.0,12.0,0.0,-5.0,-8.0,2.0,5.0,6.0,1.0,-1.0,-2.0,16.0,26.0,-1.0,-4.0,2.0,7.0,14.0,1.0,-13.0,-16.0,-3.0,-4.0,-9.0,5
-5.0,16.0,3.0,6.0,0.0,4.0,3.0,6.0,-8.0,-5.0,-2.0,-2.0,2.0,-5.0,-7.0,12.0,10.0,16.0,0.0,-4.0,-8.0,-3.0,-3.0,-15.0,-8.0,-13.0,-3.0,1.0,-2.0,-4.0,-2.0,0.0,32.0,14.0,-2.0,-13.0,-7.0,-5.0,-8.0,0.0,9.0,12.0,5.0,10.0,6.0,7.0,13.0,5.0,-21.0,-11.0,-3.0,-2.0,3.0,0.0,-3.0,-7.0,6.0,-3.0,1.0,-2.0,-3.0,3.0,9.0,14.0,5
1.0,10.0,-2.0,-2.0,2.0,4.0,0.0,-6.0,-4.0,-2.0,2.0,2.0,6.0,5.0,-4.0,-11.0,-5.0,23.0,4.0,-2.0,-7.0,-7.0,-8.0,3.0,-4.0,-5.0,0.0,2.0,7.0,6.0,0.0,-17.0,-17.0,-18.0,-3.0,-9.0,-8.0,-5.0,4.0,22.0,10.0,9.0,0.0,7.0,10.0,0.0,3.0,0.0,7.0,12.0,0.0,0.0,6.0,3.0,4.0,6.0,10.0,0.0,2.0,-1.0,-5.0,-1.0,-5.0,-2.0,5
-15.0,8.0,-3.0,-5.0,-7.0,0.0,-5.0,-23.0,-9.0,-29.0,-2.0,-7.0,-7.0,-8.0,-14.0,0.0,-3.0,-1.0,-1.0,-6.0,-14.0,-8.0,3.0,-1.0,-16.0,-27.0,-4.0,2.0,4.0,0.0,2.0,3.0,5.0,-4.0,-2.0,-7.0,-3.0,0.0,0.0,8.0,1.0,6.0,1.0,3.0,6.0,7.0,7.0,1.0,-13.0,-8.0,-2.0,2.0,9.0,5.0,1.0,2.0,22.0,-1.0,4.0,-1.0,-7.0,-1.0,10.0,4.0,5
-18.0,-10.0,0.0,0.0,-1.0,-5.0,-13.0,-8.0,5.0,-1.0,-3.0,-3.0,-6.0,-3.0,-2.0,-1.0,-17.0,-10.0,-3.0,0.0,1.0,4.0,3.0,-8.0,-4.0,0.0,-3.0,2.0,11.0,2.0,-3.0,-2.0,-8.0,2.0,0.0,-2.0,-4.0,-3.0,-2.0,-2.0,38.0,8.0,0.0,-2.0,-1.0,8.0,4.0,1.0,2.0,8.0,-1.0,3.0,2.0,-5.0,-5.0,1.0,-4.0,-5.0,-5.0,-5.0,-7.0,3.0,3.0,1.0,5
-2.0,-34.0,-3.0,8.0,14.0,7.0,10.0,11.0,-6.0,-36.0,-4.0,-7.0,-3.0,-10.0,-11.0,-3.0,-5.0,-10.0,-3.0,2.0,-3.0,-4.0,-7.0,-4.0,8.0,-4.0,1.0,3.0,6.0,2.0,-2.0,-4.0,-1.0,6.0,0.0,-3.0,2.0,4.0,0.0,2.0,-7.0,25.0,2.0,2.0,0.0,0.0,9.0,6.0,2.0,-25.0,-3.0,-12.0,-24.0,-7.0,-5.0,-11.0,-18.0,-5.0,-4.0,-2.0,-1.0,-7.0,-5.0,-2.0,5
35.0,7.0,-3.0,-3.0,0.0,-3.0,-4.0,-2.0,-8.0,7.0,1.0,4.0,7.0,5.0,-4.0,-7.0,15.0,15.0,2.0,-1.0,6.0,0.0,5.0,-1.0,-7.0,-2.0,-2.0,-3.0,-10.0,-3.0,-1.0,13.0,-23.0,-24.0,-1.0,-7.0,-9.0,-7.0,-4.0,-3.0,21.0,4.0,0.0,5.0,-1.0,-3.0,-1.0,-3.0,-26.0,4.0,6.0,4.0,-2.0,4.0,4.0,11.0,-6.0,2.0,0.0,-1.0,-3.0,1.0,1.0,-1.0,5
0.0,17.0,-1.0,4.0,7.0,3.0,-1.0,-4.0,-19.0,5.0,1.0,-1.0,0.0,12.0,5.0,-4.0,28.0,-1.0,1.0,-3.0,-12.0,-16.0,5.0,11.0,9.0,-6.0,-4.0,-7.0,-2.0,-7.0,-11.0,-5.0,1.0,14.0,4.0,7.0,2.0,3.0,7.0,-1.0,-11.0,-39.0,-8.0,0.0,-6.0,-6.0,-14.0,-1.0,7.0,38.0,4.0,-3.0,1.0,4.0,5.0,6.0,-5.0,30.0,1.0,-4.0,-2.0,-2.0,3.0,-4.0,5
-3.0,-41.0,-5.0,-4.0,-2.0,-3.0,-7.0,1.0,9.0,32.0,1.0,0.0,1.0,-4.0,9.0,-16.0,-5.0,2.0,-2.0,1.0,-1.0,-4.0,-8.0,3.0,27.0,4.0,-2.0,-7.0,-4.0,-1.0,2.0,18.0,-8.0,6.0,0.0,10.0,11.0,2.0,-3.0,-3.0,-11.0,18.0,-1.0,-3.0,1.0,4.0,-2.0,-12.0,9.0,-5.0,-1.0,-1.0,-1.0,-1.0,-3.0,-5.0,-14.0,-9.0,0.0,0.0,-2.0,-11.0,-7.0,-9.0,5
-4.0,5.0,-4.0,-11.0,-15.0,-13.0,-5.0,2.0,-3.0,-5.0,-1.0,5.0,12.0,2.0,1.0,4.0,2.0,-4.0,-1.0,0.0,2.0,-4.0,-7.0,-7.0,7.0,-5.0,-1.0,-5.0,-3.0,9.0,12.0,5.0,9.0,12.0,0.0,-2.0,-9.0,-8.0,-14.0,-5.0,0.0,-2.0,1.0,-4.0,-5.0,-13.0,-3.0,-7.0,-19.0,-14.0,-4.0,-3.0,-6.0,-4.0,-10.0,-8.0,2.0,-5.0,-1.0,0.0,-4.0,2.0,-3.0,-6.0,5
10.0,4.0,0.0,-1.0,1.0,4.0,7.0,7.0,-17.0,4.0,0.0,0.0,0.0,4.0,-1.0,-3.0,-12.0,-2.0,-2.0,-1.0,6.0,6.0,9.0,6.0,-19.0,-25.0,-2.0,-2.0,-6.0,0.0,-7.0,-20.0,22.0,20.0,3.0,3.0,10.0,10.0,5.0,25.0,-34.0,8.0,-3.0,-2.0,-7.0,-5.0,-1.0,-9.0,14.0,4.0,2.0,-1.0,-10.0,-4.0,-4.0,6.0,2.0,-42.0,-4.0,-2.0,-5.0,2.0,7.0,12.0,5
-10.0,-5.0,-5.0,-6.0,-1.0,2.0,0.0,-7.0,-5.0,-3.0,-1.0,6.0,6.0,-5.0,-6.0,-7.0,0.0,16.0,0.0,0.0,9.0,3.0,3.0,4.0,-2.0,8.0,-1.0,-4.0,-7.0,-9.0,-2.0,0.0,5.0,-5.0,-4.0,-6.0,-13.0,-1.0,-3.0,-12.0,-1.0,-10.0,-4.0,12.0,17.0,7.0,3.0,0.0,1.0,4.0,-2.0,-1.0,-4.0,-11.0,-10.0,-6.0,0.0,5.0,0.0,-2.0,0.0,0.0,-3.0,0.0,5
13.0,-6.0,-2.0,-2.0,6.0,5.0,2.0,-2.0,-77.0,-62.0,-7.0,-7.0,-5.0,-3.0,1.0,1.0,95.0,46.0,5.0,4.0,-3.0,2.0,4.0,7.0,-17.0,-1.0,0.0,0.0,-2.0,-7.0,5.0,9.0,-6.0,-1.0,-1.0,-2.0,-1.0,0.0,-6.0,-9.0,5.0,-4.0,1.0,-2.0,-2.0,3.0,-7.0,3.0,-45.0,-12.0,3.0,-2.0,-1.0,-2.0,-2.0,0.0,0.0,-16.0,1.0,0.0,7.0,5.0,3.0,4.0,5
0.0,7.0,-1.0,-1.0,-1.0,-10.0,1.0,-9.0,4.0,-4.0,1.0,-3.0,-2.0,1.0,-1.0,-7.0,-13.0,-9.0,-3.0,-3.0,-2.0,-3.0,-4.0,-1.0,31.0,19.0,1.0,0.0,1.0,3.0,0.0,-2.0,-24.0,-8.0,-1.0,2.0,-2.0,2.0,-2.0,3.0,10.0,15.0,-2.0,-3.0,-7.0,-2.0,-4.0,-8.0,-3.0,-3.0,-1.0,13.0,17.0,4.0,2.0,-1.0,-15.0,2.0,-2.0,-1.0,-1.0,5.0,0.0,-1.0,5
-1.0,-5.0,3.0,0.0,0.0,-13.0,-9.0,-5.0,8.0,-34.0,-3.0,-4.0,10.0,15.0,6.0,3.0,-4.0,0.0,-3.0,-6.0,-7.0,-2.0,2.0,-1.0,-13.0,-4.0,-3.0,-2.0,-4.0,-3.0,-7.0,-3.0,-11.0,-2.0,0.0,-3.0,-2.0,2.0,2.0,4.0,23.0,48.0,7.0,7.0,3.0,-1.0,0.0,-1.0,-8.0,-18.0,2.0,5.0,5.0,-2.0,0.0,-2.0,-7.0,3.0,-4.0,-1.0,9.0,-2.0,-3.0,-6.0,5
25.0,25.0,1.0,-4.0,-7.0,0.0,0.0,7.0,-1.0,-5.0,0.0,-6.0,-7.0,2.0,0.0,-2.0,-15.0,0.0,-1.0,2.0,-2.0,-9.0,0.0,-6.0,24.0,4.0,2.0,-2.0,-12.0,-8.0,-4.0,-2.0,8.0,6.0,-1.0,4.0,9.0,6.0,4.0,-11.0,2.0,7.0,0.0,-1.0,-6.0,-6.0,-6.0,4.0,14.0,9.0,-1.0,-4.0,-3.0,-1.0,8.0,33.0,-10.0,-12.0,-5.0,-2.0,6.0,0.0,-6.0,-4.0,5
0.0,-4.0,-2.0,-2.0,-6.0,-3.0,-1.0,-5.0,-9.0,-1.0,-2.0,-8.0,-6.0,-3.0,2.0,-3.0,-4.0,-4.0,-3.0,3.0,5.0,6.0,-3.0,-14.0,-6.0,16.0,1.0,5.0,15.0,2.0,7.0,5.0,0.0,-8.0,-3.0,0.0,0.0,3.0,-1.0,7.0,-2.0,4.0,-4.0,-4.0,-13.0,-16.0,-3.0,-8.0,-7.0,1.0,-2.0,-16.0,-13.0,-1.0,0.0,-2.0,3.0,9.0,1.0,9.0,-4.0,3.0,-3.0,0.0,5
-8.0,-32.0,-4.0,-1.0,5.0,-6.0,-4.0,-6.0,8.0,1.0,-1.0,-3.0,3.0,8.0,5.0,2.0,-36.0,0.0,-4.0,-11.0,-9.0,-4.0,-11.0,-7.0,48.0,15.0,-1.0,-8.0,-9.0,4.0,6.0,8.0,-10.0,-10.0,4.0,8.0,8.0,-4.0,-3.0,-3.0,-2.0,-7.0,1.0,9.0,2.0,-4.0,1.0,6.0,-14.0,-10.0,-1.0,-2.0,7.0,3.0,-2.0,-9.0,-7.0,-4.0,-4.0,-6.0,-7.0,-4.0,-6.0,-4.0,5
1.0,7.0,0.0,-5.0,-7.0,-4.0,-6.0,-2.0,-3.0,4.0,2.0,1.0,4.0,-2.0,2.0,1.0,3.0,-3.0,0.0,-2.0,2.0,7.0,6.0,6.0,1.0,-10.0,-1.0,4.0,1.0,-13.0,-15.0,-27.0,20.0,8.0,-1.0,0.0,9.0,-1.0,11.0,35.0,-30.0,-20.0,-1.0,0.0,1.0,-5.0,-8.0,-13.0,28.0,6.0,2.0,0.0,1.0,6.0,8.0,-1.0,-16.0,-6.0,-2.0,-4.0,-4.0,-1.0,3.0,12.0,5
-57.0,-25.0,0.0,1.0,-3.0,1.0,1.0,-16.0,67.0,-5.0,-4.0,-1.0,-4.0,-4.0,-4.0,4.0,5.0,15.0,-1.0,-2.0,-2.0,-3.0,-7.0,-6.0,-8.0,-16.0,-2.0,-3.0,-4.0,1.0,2.0,-8.0,6.0,-25.0,-3.0,-2.0,-5.0,2.0,5.0,6.0,-21.0,6.0,-1.0,-1.0,5.0,13.0,7.0,0.0,28.0,2.0,0.0,2.0,7.0,-1.0,-1.0,3.0,7.0,4.0,-2.0,-3.0,-9.0,0.0,1.0,-2.0,5
-3.0,2.0,-1.0,-2.0,-6.0,-3.0,-7.0,-7.0,-24.0,-9.0,1.0,0.0,-7.0,-2.0,7.0,-1.0,-3.0,-5.0,-4.0,-5.0,-8.0,-3.0,0.0,13.0,14.0,-7.0,-6.0,1.0,11.0,6.0,-2.0,-20.0,12.0,2.0,-1.0,-3.0,-5.0,0.0,-6.0,3.0,10.0,4.0,4.0,-2.0,0.0,0.0,6.0,23.0,-6.0,-6.0,-4.0,-6.0,-12.0,-3.0,-4.0,-13.0,-21.0,11.0,3.0,6.0,9.0,0.0,4.0,6.0,5
26.0,11.0,-1.0,-1.0,-1.0,2.0,2.0,-5.0,-39.0,-26.0,-3.0,-3.0,3.0,-2.0,1.0,-3.0,3.0,13.0,0.0,-4.0,-12.0,-2.0,0.0,5.0,-11.0,-1.0,1.0,12.0,5.0,-8.0,-4.0,-3.0,-7.0,-8.0,3.0,5.0,0.0,-6.0,-2.0,-4.0,-38.0,-41.0,-8.0,-3.0,4.0,1.0,-2.0,-3.0,17.0,6.0,-3.0,-5.0,-2.0,-1.0,3.0,-5.0,-4.0,3.0,0.0,-13.0,-19.0,-4.0,-10.0,-5.0,5
9.0,6.0,-1.0,5.0,4.0,1.0,6.0,7.0,-3.0,1.0,2.0,4.0,10.0,0.0,-5.0,-7.0,-32.0,-53.0,-8.0,0.0,4.0,7.0,-2.0,-6.0,68.0,11.0,1.0,1.0,9.0,3.0,4.0,10.0,-24.0,6.0,-3.0,-11.0,-10.0,-9.0,2.0,5.0,24.0,7.0,1.0,-7.0,-13.0,-2.0,-5.0,-4.0,1.0,14.0,-2.0,1.0,12.0,5.0,0.0,-2.0,-22.0,-12.0,1.0,20.0,21.0,-5.0,-1.0,-7.0,5
6.0,-7.0,-2.0,-11.0,-5.0,-9.0,-3.0,2.0,2.0,5.0,0.0,9.0,5.0,1.0,6.0,1.0,2.0,6.0,-2.0,-8.0,-11.0,-9.0,-11.0,-7.0,-24.0,-12.0,-1.0,-8.0,-3.0,17.0,11.0,-3.0,-8.0,10.0,-3.0,2.0,-3.0,-11.0,-13.0,-3.0,13.0,-1.0,0.0,-4.0,0.0,3.0,2.0,3.0,-25.0,0.0,0.0,0.0,3.0,6.0,5.0,-7.0,34.0,6.0,-2.0,-9.0,-11.0,-4.0,-4.0,-5.0,5
-5.0,-4.0,1.0,-1.0,-2.0,-5.0,3.0,5.0,-2.0,5.0,0.0,-2.0,-6.0,-4.0,-10.0,-8.0,0.0,-1.0,-2.0,3.0,6.0,2.0,1.0,-1.0,-17.0,1.0,-4.0,-4.0,-1.0,8.0,4.0,5.0,4.0,-8.0,1.0,-1.0,0.0,2.0,0.0,-3.0,-1.0,34.0,1.0,-2.0,-11.0,-11.0,-2.0,-2.0,15.0,12.0,6.0,9.0,16.0,5.0,-1.0,-2.0,-34.0,18.0,3.0,0.0,-1.0,4.0,2.0,7.0,5
14.0,2.0,-2.0,3.0,5.0,5.0,1.0,-4.0,-90.0,-39.0,-6.0,-7.0,-11.0,-16.0,-9.0,-13.0,69.0,32.0,7.0,11.0,14.0,1.0,8.0,14.0,-15.0,-5.0,-3.0,-9.0,-7.0,-6.0,-8.0,-18.0,-5.0,-3.0,-2.0,0.0,1.0,1.0,-3.0,18.0,-9.0,-5.0,-3.0,2.0,-5.0,0.0,-4.0,-10.0,-19.0,0.0,-1.0,-3.0,-4.0,-7.0,-11.0,-4.0,-34.0,-23.0,-7.0,-14.0,-14.0,3.0,6.0,0.0,5
57.0,19.0,11.0,17.0,13.0,1.0,-10.0,9.0,11.0,-7.0,-6.0,-5.0,0.0,2.0,3.0,-7.0,-9.0,-7.0,0.0,0.0,2.0,1.0,-2.0,3.0,1.0,-2.0,0.0,2.0,4.0,0.0,-5.0,2.0,-38.0,-2.0,-9.0,-12.0,-13.0,6.0,1.0,-25.0,15.0,16.0,6.0,0.0,-5.0,-4.0,-3.0,10.0,36.0,-5.0,-3.0,-5.0,-11.0,-3.0,3.0,-2.0,-13.0,-15.0,-1.0,8.0,6.0,-6.0,3.0,5.0,5
-24.0,-2.0,-2.0,0.0,8.0,3.0,-4.0,-15.0,8.0,-39.0,-6.0,-1.0,1.0,4.0,1.0,4.0,-42.0,-4.0,-5.0,-5.0,-7.0,-4.0,1.0,-7.0,56.0,5.0,-1.0,-5.0,-10.0,-6.0,-2.0,7.0,-7.0,0.0,-3.0,-1.0,7.0,9.0,16.0,4.0,20.0,0.0,5.0,-11.0,-5.0,-2.0,-24.0,4.0,-3.0,27.0,3.0,24.0,5.0,-22.0,-7.0,-1.0,-9.0,-8.0,-4.0,-5.0,3.0,4.0,0.0,-2.0,5
-4.0,-1.0,-2.0,0.0,-6.0,-4.0,-3.0,-4.0,10.0,13.0,0.0,-5.0,-3.0,5.0,8.0,4.0,-11.0,-4.0,0.0,-8.0,-6.0,2.0,-2.0,-8.0,-10.0,-4.0,0.0,0.0,-3.0,-3.0,-4.0,2.0,34.0,-2.0,2.0,-3.0,1.0,3.0,4.0,7.0,39.0,22.0,-1.0,-6.0,-7.0,2.0,2.0,3.0,4.0,-11.0,-1.0,4.0,2.0,-4.0,1.0,-9.0,-15.0,-17.0,-1.0,7.0,12.0,2.0,-8.0,-1.0,5
-1.0,0.0,-3.0,-11.0,-7.0,-4.0,-7.0,-20.0,-27.0,4.0,3.0,15.0,19.0,4.0,3.0,13.0,22.0,-5.0,-3.0,-2.0,-2.0,-5.0,-9.0,1.0,3.0,20.0,-2.0,5.0,13.0,9.0,11.0,-1.0,-9.0,-20.0,-5.0,-11.0,-6.0,-1.0,-4.0,10.0,6.0,4.0,1.0,-5.0,-8.0,-4.0,-9.0,-11.0,-9.0,-4.0,0.0,-1.0,-7.0,-3.0,0.0,-9.0,-4.0,-8.0,-3.0,0.0,3.0,-4.0,-2.0,5.0,5
-66.0,-23.0,-6.0,-3.0,-3.0,-2.0,-1.0,-11.0,83.0,8.0,-2.0,-16.0,-24.0,-4.0,8.0,16.0,-12.0,1.0,5.0,21.0,25.0,2.0,-16.0,-8.0,-39.0,10.0,-4.0,-5.0,1.0,-5.0,-1.0,-9.0,5.0,-10.0,0.0,4.0,10.0,16.0,-1.0,5.0,-16.0,-1.0,0.0,-1.0,-3.0,-7.0,-1.0,-5.0,-4.0,-5.0,0.0,-7.0,-19.0,-4.0,5.0,-3.0,1.0,-8.0,1.0,3.0,-2.0,1.0,-5.0,2.0,5
-2.0,6.0,-2.0,-2.0,5.0,9.0,6.0,5.0,12.0,12.0,2.0,-3.0,0.0,6.0,-3.0,1.0,2.0,-5.0,-6.0,-1.0,-8.0,-25.0,-9.0,-10.0,-22.0,23.0,-2.0,2.0,7.0,-1.0,-3.0,-1.0,38.0,8.0,1.0,-2.0,-10.0,-10.0,2.0,5.0,-28.0,-6.0,-2.0,1.0,-2.0,0.0,-1.0,-9.0,16.0,7.0,3.0,-2.0,3.0,11.0,8.0,11.0,12.0,-27.0,-5.0,-5.0,-9.0,-1.0,1.0,-14.0,5
7.0,1.0,-3.0,-10.0,-17.0,-12.0,-4.0,5.0,-33.0,2.0,-1.0,-10.0,3.0,6.0,4.0,4.0,15.0,7.0,3.0,24.0,28.0,13.0,17.0,3.0,1.0,-11.0,1.0,-2.0,-1.0,-4.0,-13.0,4.0,3.0,1.0,2.0,1.0,8.0,6.0,-5.0,-3.0,-3.0,15.0,3.0,1.0,-10.0,-5.0,-4.0,-11.0,0.0,-1.0,-5.0,-21.0,-21.0,-5.0,-2.0,17.0,8.0,-8.0,3.0,0.0,-2.0,9.0,9.0,-2.0,5
-5.0,-9.0,-3.0,2.0,-2.0,-7.0,-4.0,0.0,-20.0,23.0,1.0,-5.0,-13.0,-1.0,-2.0,5.0,-5.0,-24.0,-5.0,-4.0,-7.0,-12.0,4.0,-12.0,47.0,11.0,3.0,5.0,8.0,2.0,3.0,13.0,14.0,14.0,1.0,4.0,12.0,3.0,-5.0,-9.0,-23.0,-21.0,-2.0,8.0,10.0,-12.0,-5.0,-3.0,-38.0,1.0,-3.0,-6.0,-10.0,-4.0,-7.0,-11.0,8.0,-18.0,-4.0,-2.0,-5.0,-4.0,-1.0,1.0,5
0.0,-2.0,-1.0,-4.0,1.0,-1.0,-1.0,10.0,22.0,-11.0,-3.0,4.0,6.0,5.0,8.0,-4.0,-13.0,7.0,-3.0,-2.0,-2.0,1.0,-6.0,-1.0,-18.0,-1.0,1.0,-2.0,2.0,3.0,5.0,10.0,-1.0,17.0,4.0,3.0,2.0,6.0,6.0,6.0,11.0,-9.0,-4.0,-1.0,-2.0,-4.0,-4.0,-5.0,-3.0,4.0,2.0,-2.0,-3.0,2.0,-1.0,-3.0,-8.0,0.0,-3.0,0.0,-3.0,9.0,3.0,-11.0,5
7.0,-4.0,-3.0,0.0,-2.0,-4.0,-10.0,-3.0,5.0,8.0,2.0,-1.0,-5.0,-6.0,-1.0,8.0,-9.0,-13.0,-3.0,0.0,1.0,-4.0,0.0,-5.0,4.0,-2.0,-4.0,-1.0,3.0,11.0,3.0,4.0,-21.0,-6.0,-3.0,-10.0,-16.0,-7.0,-5.0,-4.0,12.0,7.0,6.0,12.0,6.0,-6.0,1.0,0.0,3.0,4.0,-2.0,0.0,-6.0,2.0,2.0,-3.0,13.0,-3.0,0.0,-2.0,-2.0,-7.0,-2.0,0.0,5
-10.0,-15.0,-1.0,-6.0,-8.0,5.0,3.0,-3.0,1.0,-9.0,-3.0,-1.0,0.0,-1.0,0.0,-3.0,-11.0,1.0,-2.0,-6.0,-11.0,-3.0,2.0,2.0,5.0,2.0,-1.0,1.0,11.0,5.0,-1.0,-7.0,12.0,-13.0,-3.0,-4.0,1.0,-4.0,-1.0,7.0,-38.0,2.0,1.0,3.0,-4.0,-7.0,-10.0,-16.0,4.0,-5.0,-2.0,1.0,1.0,-1.0,-4.0,1.0,-32.0,-15.0,-5.0,-3.0,-4.0,-2.0,-4.0,-5.0,5
30.0,4.0,2.0,-6.0,-7.0,-3.0,-3.0,-2.0,-21.0,-35.0,-4.0,-6.0,-6.0,3.0,7.0,1.0,-6.0,22.0,2.0,1.0,3.0,-2.0,3.0,-1.0,9.0,0.0,0.0,-4.0,-11.0,-11.0,-6.0,12.0,-16.0,6.0,0.0,-2.0,4.0,1.0,-7.0,-4.0,2.0,-12.0,-1.0,3.0,10.0,2.0,0.0,1.0,15.0,-5.0,4.0,8.0,12.0,10.0,13.0,6.0,32.0,7.0,2.0,1.0,0.0,-5.0,-4.0,-2.0,5
3.0,12.0,-1.0,-3.0,-8.0,-4.0,0.0,-1.0,5.0,32.0,1.0,1.0,2.0,-3.0,1.0,8.0,-8.0,-14.0,-5.0,-5.0,-4.0,1.0,-3.0,-9.0,-18.0,-9.0,-2.0,1.0,-2.0,6.0,-1.0,-4.0,11.0,7.0,0.0,2.0,-2.0,-5.0,4.0,-4.0,27.0,16.0,1.0,-3.0,-2.0,5.0,-12.0,-1.0,-5.0,22.0,-1.0,-5.0,-11.0,-9.0,-9.0,14.0,-34.0,-17.0,-6.0,0.0,7.0,4.0,-1.0,-12.0,5
61.0,7.0,-2.0,-5.0,-2.0,5.0,-1.0,4.0,-20.0,-15.0,-4.0,-1.0,0.0,0.0,6.0,0.0,6.0,-16.0,-2.0,-4.0,-2.0,-6.0,-10.0,-4.0,-18.0,-2.0,-3.0,1.0,9.0,-2.0,-7.0,-13.0,-23.0,-31.0,1.0,1.0,-3.0,1.0,5.0,7.0,5.0,28.0,4.0,-6.0,-17.0,-7.0,-3.0,2.0,-50.0,-34.0,-9.0,-15.0,-19.0,3.0,-5.0,-9.0,83.0,33.0,9.0,19.0,17.0,4.0,3.0,11.0,5
-13.0,-2.0,0.0,7.0,8.0,2.0,-1.0,-9.0,8.0,-4.0,0.0,6.0,18.0,5.0,5.0,6.0,-8.0,-10.0,0.0,-3.0,2.0,1.0,2.0,-8.0,-14.0,11.0,-4.0,-10.0,-14.0,-3.0,-6.0,-2.0,10.0,24.0,2.0,0.0,-4.0,-6.0,0.0,9.0,0.0,-37.0,-6.0,-6.0,-7.0,4.0,-5.0,-10.0,5.0,-6.0,0.0,1.0,-2.0,-1.0,1.0,-4.0,-8.0,0.0,0.0,-3.0,-3.0,-1.0,4.0,2.0,5
-12.0,-8.0,-4.0,-2.0,-5.0,-2.0,-4.0,-3.0,-4.0,-5.0,-6.0,-4.0,-1.0,4.0,-1.0,-2.0,-1.0,9.0,3.0,4.0,10.0,0.0,3.0,-2.0,-8.0,-15.0,-3.0,-3.0,-5.0,-3.0,-3.0,2.0,-5.0,0.0,-3.0,-1.0,9.0,6.0,-4.0,-21.0,5.0,5.0,-3.0,-3.0,-2.0,-4.0,-3.0,1.0,0.0,-7.0,-5.0,-2.0,-6.0,-3.0,-7.0,-3.0,-24.0,-7.0,-5.0,-4.0,-11.0,-9.0,3.0,4.0,5
41.0,12.0,2.0,2.0,6.0,4.0,4.0,17.0,-3.0,-30.0,-2.0,-5.0,2.0,1.0,1.0,-6.0,63.0,12.0,5.0,6.0,8.0,-3.0,2.0,11.0,-9.0,-20.0,-5.0,-11.0,-6.0,2.0,0.0,-2.0,-18.0,7.0,-3.0,4.0,6.0,1.0,-2.0,-7.0,3.0,15.0,2.0,0.0,-6.0,-4.0,-2.0,2.0,-6.0,-7.0,1.0,3.0,5.0,4.0,2.0,1.0,-14.0,-13.0,-3.0,-5.0,-8.0,-7.0,-8.0,-15.0,5
-3.0,-6.0,0.0,-2.0,-6.0,-2.0,0.0,-10.0,-6.0,-1.0,0.0,5.0,3.0,-3.0,2.0,11.0,-14.0,-9.0,-6.0,-11.0,-16.0,-3.0,5.0,-1.0,10.0,13.0,4.0,11.0,20.0,10.0,0.0,-3.0,-19.0,-9.0,-3.0,-6.0,-10.0,-12.0,0.0,4.0,-29.0,-8.0,-6.0,-12.0,-14.0,6.0,1.0,-17.0,75.0,38.0,8.0,4.0,-3.0,1.0,1.0,4.0,-3.0,2.0,1.0,7.0,13.0,-5.0,2.0,14.0,5
16.0,5.0,2.0,-2.0,0.0,4.0,-1.0,6.0,-10.0,-9.0,0.0,5.0,10.0,-2.0,-3.0,-6.0,-24.0,-5.0,-4.0,-7.0,-8.0,-8.0,-6.0,-11.0,-5.0,2.0,2.0,-5.0,-15.0,-6.0,2.0,-7.0,-11.0,-48.0,-6.0,-4.0,-8.0,-8.0,-8.0,-3.0,-2.0,-6.0,2.0,0.0,2.0,0.0,-2.0,4.0,-6.0,4.0,-3.0,2.0,9.0,8.0,4.0,-2.0,6.0,0.0,-1.0,-1.0,-1.0,4.0,0.0,-6.0,5
-13.0,17.0,2.0,2.0,1.0,-2.0,2.0,-8.0,3.0,-16.0,-5.0,-6.0,-11.0,-9.0,-9.0,9.0,-58.0,-1.0,-2.0,1.0,-1.0,-3.0,0.0,0.0,34.0,10.0,2.0,-1.0,-2.0,3.0,-2.0,2.0,-7.0,19.0,1.0,1.0,4.0,2.0,6.0,0.0,20.0,15.0,1.0,-2.0,2.0,3.0,1.0,-6.0,-20.0,-7.0,0.0,4.0,3.0,1.0,1.0,-5.0,-29.0,-10.0,-6.0,-5.0,-8.0,-2.0,-2.0,1.0,5
-9.0,-2.0,-2.0,-2.0,-3.0,-3.0,-4.0,2.0,11.0,10.0,-1.0,3.0,10.0,-2.0,1.0,2.0,-8.0,-19.0,-6.0,-6.0,-4.0,0.0,1.0,-3.0,-5.0,-2.0,-1.0,-1.0,4.0,3.0,-3.0,-9.0,2.0,-45.0,-5.0,-1.0,-5.0,-7.0,-4.0,2.0,3.0,4.0,-3.0,-10.0,-7.0,-4.0,-4.0,-12.0,6.0,4.0,-1.0,4.0,-3.0,-3.0,0.0,6.0,-12.0,-6.0,-1.0,-7.0,-8.0,2.0,-4.0,-11.0,5
-3.0,-3.0,3.0,3.0,7.0,9.0,4.0,5.0,-6.0,6.0,-4.0,-1.0,-2.0,0.0,-3.0,11.0,-21.0,-8.0,-4.0,-3.0,-4.0,-13.0,-8.0,-4.0,-7.0,3.0,1.0,-3.0,-4.0,-1.0,3.0,-3.0,8.0,18.0,-3.0,5.0,8.0,1.0,-8.0,-1.0,6.0,-43.0,1.0,-6.0,-14.0,-8.0,-1.0,9.0,0.0,8.0,2.0,5.0,13.0,3.0,-5.0,-7.0,4.0,-5.0,0.0,0.0,0.0,-1.0,2.0,5.0,5
-16.0,3.0,0.0,-5.0,-11.0,-4.0,-3.0,-8.0,2.0,17.0,0.0,-1.0,-6.0,-10.0,4.0,-1.0,8.0,1.0,2.0,7.0,7.0,12.0,3.0,-2.0,-2.0,-2.0,-3.0,-8.0,-10.0,-12.0,-5.0,-3.0,-40.0,-3.0,-2.0,0.0,5.0,-1.0,-4.0,-5.0,49.0,25.0,3.0,5.0,0.0,1.0,1.0,-3.0,-2.0,-11.0,-1.0,-5.0,1.0,5.0,1.0,3.0,7.0,18.0,2.0,2.0,-1.0,0.0,3.0,4.0,5
-13.0,-20.0,-7.0,-9.0,-11.0,-2.0,2.0,-7.0,-16.0,5.0,-2.0,-4.0,5.0,-2.0,-4.0,-5.0,6.0,3.0,2.0,10.0,6.0,0.0,3.0,-11.0,1.0,2.0,1.0,0.0,5.0,3.0,-6.0,13.0,7.0,15.0,1.0,-2.0,-2.0,-3.0,2.0,14.0,-15.0,-11.0,-3.0,-5.0,-4.0,-2.0,-11.0,-20.0,48.0,-8.0,-2.0,-6.0,-4.0,1.0,3.0,4.0,-2.0,1.0,-1.0,3.0,1.0,2.0,4.0,-17.0,5
11.0,5.0,-2.0,-2.0,0.0,7.0,5.0,24.0,-11.0,-28.0,2.0,1.0,2.0,-15.0,-8.0,-7.0,-19.0,-1.0,-3.0,-6.0,-12.0,-5.0,-6.0,-5.0,7.0,-6.0,2.0,1.0,3.0,-2.0,5.0,0.0,13.0,2.0,-1.0,-2.0,-1.0,-3.0,-4.0,-14.0,-42.0,26.0,-3.0,1.0,-4.0,3.0,-1.0,2.0,30.0,-18.0,-5.0,-4.0,-4.0,-8.0,-5.0,1.0,-1.0,-12.0,-4.0,3.0,8.0,7.0,3.0,3.0,5
-3.0,11.0,4.0,5.0,7.0,0.0,0.0,-3.0,7.0,13.0,1.0,9.0,9.0,7.0,2.0,-2.0,-10.0,27.0,-1.0,-6.0,-6.0,-2.0,-1.0,3.0,2.0,-5.0,-3.0,-10.0,-9.0,0.0,-1.0,-6.0,11.0,7.0,1.0,6.0,7.0,1.0,2.0,5.0,0.0,-3.0,1.0,3.0,0.0,-7.0,-5.0,-2.0,-6.0,8.0,-1.0,-14.0,-11.0,-3.0,-2.0,4.0,-37.0,-15.0,-2.0,16.0,13.0,4.0,1.0,-3.0,5
31.0,5.0,0.0,-10.0,-8.0,-11.0,-8.0,-3.0,1.0,4.0,-3.0,1.0,10.0,6.0,4.0,2.0,10.0,9.0,1.0,-6.0,-4.0,5.0,-2.0,3.0,-19.0,-1.0,-1.0,-2.0,-13.0,-11.0,-10.0,-6.0,-20.0,-9.0,-5.0,-7.0,-7.0,-1.0,-7.0,-1.0,-10.0,-11.0,2.0,5.0,0.0,3.0,10.0,4.0,-5.0,-11.0,-2.0,-10.0,-6.0,-5.0,-8.0,-15.0,1.0,0.0,-3.0,-7.0,-6.0,-2.0,-3.0,2.0,5
8.0,14.0,0.0,23.0,27.0,0.0,2.0,-4.0,8.0,-10.0,0.0,-8.0,-8.0,3.0,4.0,4.0,-7.0,-8.0,-1.0,7.0,7.0,-6.0,-2.0,-10.0,14.0,5.0,0.0,-3.0,-2.0,0.0,1.0,5.0,-3.0,-2.0,3.0,-8.0,-14.0,-3.0,-2.0,-14.0,1.0,21.0,0.0,-3.0,-1.0,-1.0,-4.0,4.0,0.0,3.0,0.0,7.0,4.0,-5.0,6.0,7.0,4.0,-31.0,-4.0,0.0,5.0,-4.0,-4.0,-1.0,5
-37.0,8.0,-2.0,-4.0,-3.0,-5.0,-6.0,-5.0,25.0,-24.0,-3.0,2.0,2.0,1.0,2.0,-2.0,-22.0,-9.0,-2.0,3.0,5.0,2.0,2.0,-1.0,15.0,16.0,-1.0,-4.0,-5.0,-6.0,-9.0,2.0,4.0,5.0,2.0,1.0,3.0,8.0,7.0,2.0,-12.0,-8.0,-6.0,-4.0,-5.0,-5.0,-3.0,-10.0,-11.0,1.0,1.0,1.0,3.0,5.0,3.0,6.0,-1.0,-4.0,-2.0,-5.0,2.0,-6.0,1.0,-5.0,5
9.0,-14.0,-2.0,1.0,-8.0,-7.0,-3.0,-11.0,-11.0,8.0,-3.0,-7.0,-5.0,3.0,-1.0,12.0,2.0,-3.0,0.0,4.0,4.0,-1.0,-4.0,-2.0,20.0,23.0,4.0,7.0,6.0,12.0,7.0,6.0,-21.0,-26.0,-4.0,-10.0,-8.0,1.0,0.0,-8.0,41.0,11.0,-1.0,0.0,2.0,-7.0,0.0,3.0,2.0,-13.0,0.0,-3.0,-3.0,1.0,-5.0,-1.0,1.0,1.0,-2.0,-2.0,-5.0,-10.0,1.0,-5.0,5
9.0,-1.0,-2.0,0.0,10.0,11.0,9.0,22.0,-52.0,-5.0,-4.0,-2.0,-5.0,-12.0,-12.0,-29.0,56.0,35.0,1.0,2.0,-4.0,-4.0,1.0,9.0,0.0,-2.0,0.0,1.0,3.0,1.0,-2.0,-3.0,-5.0,9.0,2.0,-5.0,-13.0,-5.0,-2.0,3.0,-8.0,-9.0,-1.0,2.0,5.0,7.0,7.0,3.0,-19.0,-26.0,-4.0,-2.0,-5.0,-9.0,-3.0,-6.0,0.0,-3.0,-2.0,-4.0,1.0,1.0,-2.0,-1.0,5
13.0,-2.0,0.0,-1.0,-4.0,-5.0,6.0,6.0,2.0,-1.0,-1.0,-3.0,-3.0,-1.0,2.0,-1.0,25.0,2.0,3.0,13.0,19.0,1.0,-5.0,7.0,12.0,6.0,-4.0,-16.0,-11.0,-4.0,-12.0,-4.0,-14.0,-9.0,2.0,8.0,9.0,0.0,4.0,0.0,21.0,8.0,3.0,4.0,6.0,4.0,5.0,3.0,-21.0,0.0,-3.0,6.0,3.0,1.0,0.0,-8.0,-5.0,-8.0,4.0,0.0,-4.0,-1.0,3.0,2.0,5
18.0,18.0,-2.0,-10.0,-6.0,0.0,-7.0,1.0,-11.0,-21.0,-2.0,0.0,-2.0,-1.0,0.0,-3.0,-15.0,0.0,-2.0,-7.0,-6.0,3.0,5.0,-2.0,15.0,0.0,4.0,4.0,-1.0,3.0,8.0,-6.0,35.0,38.0,-3.0,-6.0,-10.0,-20.0,-21.0,7.0,51.0,24.0,8.0,12.0,14.0,20.0,8.0,19.0,-30.0,-5.0,-1.0,-8.0,-8.0,-9.0,-1.0,-5.0,-6.0,2.0,0.0,5.0,2.0,6.0,8.0,8.0,5
-9.0,-18.0,-2.0,2.0,-1.0,3.0,3.0,-9.0,0.0,10.0,-3.0,-6.0,-7.0,-5.0,-2.0,-2.0,-9.0,-7.0,-1.0,-7.0,-3.0,-3.0,-5.0,-4.0,5.0,3.0,-4.0,-8.0,-6.0,1.0,5.0,2.0,-11.0,-15.0,-1.0,8.0,4.0,-3.0,1.0,-9.0,-8.0,1.0,-3.0,-6.0,-6.0,-8.0,-16.0,-20.0,-16.0,-7.0,0.0,2.0,2.0,3.0,-1.0,7.0,16.0,1.0,-2.0,1.0,3.0,-4.0,-2.0,7.0,5
6.0,16.0,-1.0,-3.0,-4.0,1.0,1.0,0.0,-5.0,-1.0,1.0,2.0,0.0,-2.0,2.0,-1.0,-8.0,5.0,0.0,-6.0,-6.0,8.0,8.0,2.0,20.0,16.0,2.0,5.0,12.0,4.0,1.0,3.0,-6.0,-26.0,-5.0,-5.0,-7.0,7.0,-4.0,-3.0,-5.0,1.0,-5.0,-3.0,-4.0,-13.0,-3.0,7.0,0.0,-1.0,1.0,4.0,6.0,-3.0,1.0,-5.0,17.0,8.0,1.0,1.0,-2.0,-8.0,-10.0,-1.0,5
-20.0,-16.0,0.0,-1.0,0.0,5.0,5.0,-14.0,3.0,-1.0,-3.0,-6.0,-4.0,4.0,1.0,-1.0,14.0,-8.0,-4.0,-9.0,-4.0,0.0,9.0,-2.0,-33.0,-32.0,-1.0,10.0,13.0,1.0,-9.0,-1.0,-23.0,-9.0,3.0,-3.0,-3.0,-4.0,-13.0,-11.0,9.0,-9.0,-2.0,-3.0,-7.0,-10.0,-3.0,0.0,-8.0,2.0,-4.0,-18.0,-17.0,-4.0,-6.0,-2.0,-15.0,5.0,-5.0,2.0,-6.0,0.0,6.0,0.0,5
52.0,-6.0,0.0,4.0,2.0,3.0,6.0,11.0,-16.0,6.0,3.0,6.0,7.0,5.0,1.0,10.0,-11.0,0.0,-3.0,-1.0,6.0,-2.0,-9.0,-19.0,0.0,9.0,-2.0,-3.0,-3.0,-1.0,-2.0,-3.0,-16.0,15.0,0.0,-3.0,1.0,2.0,1.0,3.0,-19.0,-26.0,-4.0,-6.0,-14.0,-9.0,3.0,-9.0,37.0,19.0,0.0,5.0,0.0,-4.0,-7.0,-6.0,-18.0,6.0,1.0,-3.0,-4.0,0.0,-5.0,-7.0,5
-2.0,12.0,-1.0,-5.0,-10.0,-4.0,7.0,8.0,-13.0,-7.0,2.0,6.0,15.0,8.0,-1.0,-1.0,-6.0,-10.0,-2.0,-3.0,-5.0,2.0,5.0,3.0,-1.0,-4.0,-3.0,1.0,3.0,-6.0,-7.0,-11.0,-5.0,-2.0,-2.0,2.0,15.0,3.0,-2.0,-6.0,-8.0,4.0,3.0,-10.0,-14.0,-3.0,-3.0,-10.0,11.0,-3.0,1.0,2.0,-5.0,-8.0,-7.0,5.0,4.0,-8.0,1.0,-1.0,-4.0,3.0,4.0,5.0,5
13.0,-8.0,1.0,2.0,5.0,-6.0,0.0,6.0,-5.0,0.0,-5.0,-1.0,2.0,6.0,1.0,-3.0,-7.0,2.0,-2.0,-3.0,-6.0,-1.0,1.0,0.0,-13.0,-7.0,-3.0,-2.0,-9.0,-10.0,-6.0,-1.0,2.0,-22.0,0.0,-1.0,-5.0,0.0,-1.0,-10.0,-8.0,-6.0,-6.0,0.0,1.0,-8.0,-2.0,1.0,37.0,5.0,5.0,8.0,9.0,5.0,4.0,9.0,-1.0,-4.0,-2.0,1.0,1.0,-3.0,0.0,5.0,5
11.0,15.0,-1.0,-1.0,3.0,-4.0,-4.0,-2.0,-1.0,3.0,0.0,-2.0,-2.0,1.0,3.0,-2.0,-51.0,-35.0,-3.0,-5.0,-6.0,-3.0,-5.0,-11.0,9.0,38.0,-1.0,-1.0,5.0,6.0,5.0,16.0,25.0,0.0,2.0,1.0,-3.0,-2.0,-5.0,-8.0,-11.0,0.0,-1.0,-7.0,-6.0,7.0,1.0,-1.0,-3.0,-1.0,-1.0,6.0,2.0,-5.0,-5.0,-4.0,-16.0,-7.0,-1.0,-12.0,-11.0,3.0,0.0,-2.0,5
-7.0,20.0,1.0,13.0,20.0,5.0,0.0,-1.0,6.0,6.0,-2.0,2.0,2.0,1.0,1.0,9.0,-14.0,8.0,-2.0,4.0,1.0,1.0,2.0,3.0,-1.0,-19.0,-4.0,-1.0,2.0,-9.0,-9.0,-21.0,-16.0,-3.0,-1.0,-12.0,-30.0,-11.0,-2.0,4.0,10.0,-2.0,2.0,0.0,7.0,-6.0,-4.0,1.0,-16.0,-2.0,-4.0,1.0,2.0,1.0,1.0,-2.0,14.0,2.0,1.0,-7.0,-11.0,0.0,-1.0,-4.0,5
-4.0,-6.0,-2.0,-1.0,-3.0,-1.0,0.0,-8.0,-7.0,-2.0,-2.0,-1.0,2.0,3.0,2.0,3.0,-13.0,12.0,-3.0,-4.0,-4.0,-1.0,-1.0,-1.0,2.0,4.0,-1.0,4.0,4.0,-2.0,-4.0,-5.0,4.0,1.0,-1.0,-1.0,5.0,7.0,5.0,3.0,13.0,13.0,-3.0,-4.0,-12.0,-16.0,-11.0,-5.0,9.0,29.0,4.0,-1.0,6.0,9.0,3.0,8.0,-16.0,4.0,-4.0,0.0,-4.0,-4.0,7.0,2.0,5
-15.0,-9.0,-3.0,-4.0,-1.0,-7.0,-12.0,2.0,0.0,-5.0,-1.0,3.0,4.0,-3.0,-5.0,-11.0,5.0,4.0,1.0,0.0,1.0,5.0,5.0,5.0,7.0,-2.0,-1.0,-15.0,-15.0,-7.0,-8.0,0.0,-11.0,-8.0,-2.0,9.0,7.0,6.0,1.0,-15.0,-14.0,-7.0,-1.0,-2.0,0.0,-2.0,0.0,24.0,-4.0,-6.0,0.0,-2.0,-10.0,-8.0,-3.0,1.0,-8.0,-15.0,-3.0,0.0,6.0,8.0,2.0,-1.0,5
8.0,-3.0,-1.0,-9.0,-14.0,-7.0,2.0,1.0,-1.0,-2.0,1.0,1.0,-1.0,0.0,-1.0,-4.0,-16.0,-9.0,-1.0,1.0,0.0,-2.0,4.0,-4.0,-14.0,-8.0,-4.0,-4.0,-4.0,-3.0,-3.0,-10.0,3.0,24.0,1.0,1.0,2.0,6.0,-2.0,8.0,10.0,6.0,1.0,11.0,10.0,-2.0,2.0,-5.0,1.0,-12.0,-4.0,-11.0,-11.0,-9.0,-11.0,-7.0,11.0,-5.0,1.0,10.0,12.0,4.0,0.0,1.0,5
-20.0,-9.0,-3.0,-2.0,1.0,-5.0,-5.0,-4.0,9.0,-5.0,-2.0,-4.0,-3.0,6.0,7.0,1.0,18.0,1.0,1.0,-4.0,-5.0,3.0,1.0,3.0,-16.0,-39.0,3.0,4.0,0.0,-3.0,-3.0,0.0,3.0,-6.0,-1.0,4.0,7.0,-1.0,-1.0,-8.0,-26.0,-10.0,-2.0,-3.0,0.0,1.0,-1.0,12.0,54.0,7.0,-1.0,2.0,1.0,2.0,11.0,3.0,4.0,3.0,-3.0,0.0,-1.0,-2.0,-3.0,0.0,5
-12.0,0.0,1.0,-2.0,0.0,5.0,4.0,7.0,9.0,-9.0,-5.0,-5.0,-11.0,-5.0,-7.0,-13.0,-12.0,-2.0,-1.0,-11.0,-2.0,-3.0,3.0,-7.0,7.0,16.0,3.0,7.0,0.0,-2.0,-4.0,8.0,16.0,0.0,0.0,6.0,22.0,4.0,5.0,-8.0,-9.0,3.0,-4.0,-7.0,-8.0,-9.0,-7.0,-3.0,3.0,-6.0,1.0,5.0,-2.0,1.0,-7.0,-2.0,-9.0,3.0,-4.0,-9.0,-2.0,0.0,-1.0,-8.0,5
-4.0,-13.0,-4.0,-9.0,-13.0,-4.0,-4.0,-7.0,11.0,7.0,2.0,5.0,5.0,16.0,11.0,12.0,-36.0,-17.0,-4.0,-4.0,-5.0,-15.0,-9.0,-13.0,34.0,5.0,1.0,0.0,-2.0,-2.0,-3.0,-13.0,28.0,6.0,-2.0,-2.0,-2.0,-3.0,4.0,31.0,-4.0,-18.0,2.0,-1.0,-2.0,0.0,2.0,-6.0,4.0,4.0,-1.0,3.0,3.0,2.0,-8.0,-2.0,-23.0,0.0,-5.0,-4.0,-6.0,3.0,2.0,-7.0,5
5.0,7.0,1.0,-9.0,-14.0,0.0,-2.0,-2.0,-1.0,31.0,3.0,19.0,30.0,12.0,4.0,6.0,-23.0,-18.0,-3.0,-4.0,-3.0,-2.0,3.0,-3.0,18.0,20.0,0.0,-1.0,0.0,0.0,0.0,2.0,5.0,-5.0,1.0,4.0,10.0,14.0,4.0,1.0,25.0,11.0,-1.0,-13.0,-27.0,-14.0,2.0,8.0,-10.0,1.0,-1.0,3.0,0.0,-2.0,-6.0,-2.0,-31.0,-12.0,-3.0,-8.0,-1.0,7.0,7.0,-4.0,5
10.0,-4.0,-4.0,13.0,2.0,-8.0,-19.0,-13.0,-5.0,-11.0,0.0,-6.0,-6.0,1.0,0.0,2.0,18.0,35.0,5.0,4.0,15.0,12.0,15.0,-2.0,15.0,-9.0,-1.0,-2.0,-2.0,-6.0,-10.0,6.0,-10.0,5.0,-2.0,-2.0,0.0,-10.0,7.0,11.0,-27.0,-9.0,-1.0,-1.0,-2.0,-1.0,-4.0,-15.0,5.0,-8.0,1.0,-7.0,-12.0,-9.0,-1.0,-2.0,4.0,-12.0,-2.0,-2.0,-5.0,-2.0,-7.0,-7.0,5
7.0,6.0,2.0,4.0,12.0,0.0,3.0,6.0,-26.0,-21.0,-6.0,-1.0,3.0,15.0,10.0,5.0,4.0,-5.0,-6.0,-6.0,-9.0,-17.0,-19.0,-11.0,-19.0,-2.0,-4.0,-8.0,-7.0,7.0,9.0,8.0,34.0,9.0,2.0,11.0,7.0,-4.0,-1.0,-2.0,5.0,-8.0,-2.0,-3.0,3.0,-5.0,-5.0,2.0,-14.0,-22.0,-1.0,-3.0,-5.0,11.0,3.0,-2.0,25.0,17.0,0.0,6.0,1.0,-4.0,2.0,-2.0,5
0.0,-2.0,0.0,-10.0,-4.0,-1.0,-4.0,0.0,9.0,23.0,1.0,1.0,5.0,5.0,-2.0,1.0,-5.0,-14.0,-2.0,1.0,-1.0,2.0,4.0,-14.0,-8.0,-3.0,2.0,1.0,3.0,-5.0,-5.0,14.0,-31.0,-2.0,-1.0,-7.0,-10.0,1.0,0.0,-1.0,64.0,24.0,1.0,3.0,7.0,3.0,2.0,4.0,-30.0,-8.0,-2.0,-3.0,-7.0,-16.0,-5.0,-10.0,-5.0,2.0,-3.0,-3.0,-2.0,5.0,6.0,1.0,5
7.0,-9.0,-5.0,4.0,1.0,-1.0,-2.0,-7.0,-16.0,-14.0,1.0,-1.0,0.0,-9.0,4.0,4.0,12.0,5.0,0.0,-4.0,-9.0,-2.0,-12.0,2.0,-3.0,6.0,-2.0,6.0,16.0,-1.0,-1.0,-9.0,-4.0,-46.0,-4.0,-5.0,-6.0,-7.0,3.0,7.0,-19.0,-1.0,0.0,1.0,1.0,2.0,-2.0,-10.0,5.0,9.0,-1.0,-6.0,-5.0,1.0,3.0,4.0,13.0,13.0,-2.0,6.0,-2.0,2.0,-7.0,-8.0,5
-4.0,6.0,-1.0,-9.0,-8.0,2.0,-3.0,0.0,14.0,-3.0,1.0,7.0,3.0,-2.0,10.0,10.0,-17.0,4.0,-1.0,-5.0,-1.0,4.0,5.0,3.0,-9.0,-14.0,-4.0,2.0,-2.0,1.0,4.0,1.0,8.0,27.0,5.0,-2.0,-7.0,-5.0,-6.0,-14.0,-9.0,-32.0,-4.0,-4.0,0.0,-3.0,-2.0,27.0,1.0,-42.0,-3.0,-2.0,-4.0,-4.0,-4.0,-6.0,-1.0,5.0,-1.0,-4.0,-6.0,-1.0,0.0,-6.0,5
-5.0,-12.0,-3.0,0.0,5.0,-6.0,0.0,3.0,-18.0,-1.0,-4.0,-3.0,-8.0,-5.0,-4.0,-14.0,-9.0,-5.0,0.0,4.0,5.0,3.0,-8.0,-5.0,6.0,-1.0,-1.0,0.0,0.0,-1.0,0.0,2.0,-16.0,-13.0,-3.0,-3.0,-4.0,-6.0,-5.0,4.0,-8.0,20.0,-2.0,2.0,0.0,3.0,-3.0,-2.0,36.0,8.0,-2.0,2.0,6.0,-2.0,-5.0,-4.0,-10.0,-3.0,-1.0,-4.0,-9.0,-2.0,-2.0,-9.0,5
-11.0,7.0,1.0,-1.0,-1.0,-1.0,5.0,16.0,7.0,-7.0,0.0,-4.0,-9.0,-2.0,5.0,-4.0,31.0,19.0,-1.0,5.0,9.0,1.0,-5.0,-2.0,-12.0,-35.0,-4.0,-1.0,2.0,-2.0,-6.0,12.0,-11.0,-22.0,-3.0,-2.0,3.0,-1.0,2.0,-8.0,-23.0,-13.0,-4.0,-9.0,-12.0,-3.0,-3.0,-18.0,-12.0,-2.0,-2.0,1.0,-5.0,-3.0,2.0,12.0,4.0,13.0,0.0,2.0,14.0,3.0,4.0,-7.0,5
12.0,8.0,-2.0,-1.0,-2.0,1.0,0.0,0.0,-8.0,2.0,-2.0,0.0,6.0,4.0,0.0,2.0,-8.0,2.0,0.0,-3.0,-5.0,-3.0,1.0,-3.0,-6.0,5.0,-1.0,0.0,-3.0,-3.0,-5.0,-7.0,-8.0,-2.0,-1.0,-6.0,-10.0,1.0,-5.0,-7.0,7.0,-15.0,1.0,5.0,5.0,0.0,-4.0,-3.0,-9.0,3.0,1.0,-1.0,-2.0,1.0,7.0,12.0,-3.0,8.0,2.0,3.0,9.0,-3.0,-8.0,-11.0,5
-3.0,-2.0,-4.0,-1.0,4.0,-1.0,4.0,-2.0,-15.0,-10.0,-5.0,-7.0,-12.0,-5.0,-5.0,-16.0,21.0,14.0,2.0,3.0,2.0,1.0,-3.0,1.0,-9.0,-2.0,0.0,-2.0,-5.0,-7.0,-2.0,-1.0,0.0,-9.0,-3.0,-11.0,-9.0,2.0,2.0,2.0,4.0,-43.0,-6.0,2.0,6.0,5.0,2.0,3.0,-13.0,3.0,0.0,-2.0,-6.0,-16.0,-5.0,1.0,23.0,10.0,-2.0,0.0,-5.0,-7.0,-13.0,-10.0,5
-3.0,-2.0,-1.0,-3.0,1.0,3.0,0.0,-2.0,11.0,24.0,4.0,3.0,-2.0,1.0,3.0,6.0,-15.0,-7.0,1.0,1.0,-3.0,6.0,4.0,4.0,-15.0,-4.0,0.0,-1.0,2.0,3.0,4.0,-5.0,-17.0,15.0,1.0,0.0,-6.0,-3.0,5.0,3.0,10.0,-11.0,-2.0,-6.0,-3.0,-7.0,-6.0,5.0,28.0,7.0,5.0,3.0,11.0,11.0,-5.0,-5.0,19.0,27.0,5.0,0.0,0.0,1.0,4.0,6.0,5
-9.0,-15.0,-4.0,-2.0,-1.0,5.0,-4.0,2.0,-13.0,7.0,-1.0,0.0,-2.0,4.0,7.0,-5.0,-14.0,-8.0,-3.0,1.0,4.0,6.0,-1.0,1.0,4.0,-3.0,-2.0,1.0,4.0,-2.0,-4.0,-3.0,9.0,3.0,-1.0,-1.0,-2.0,-2.0,-1.0,-7.0,13.0,4.0,3.0,-2.0,-5.0,5.0,11.0,9.0,-20.0,6.0,-4.0,-3.0,-10.0,-10.0,-13.0,-12.0,24.0,-50.0,-9.0,-4.0,1.0,0.0,1.0,1.0,5
-7.0,-1.0,3.0,0.0,-8.0,-11.0,-5.0,-4.0,-6.0,10.0,0.0,-5.0,-7.0,-7.0,-10.0,-3.0,-7.0,-1.0,0.0,-1.0,1.0,5.0,5.0,2.0,-5.0,14.0,-1.0,1.0,5.0,5.0,2.0,3.0,2.0,-8.0,-4.0,-2.0,0.0,6.0,2.0,5.0,0.0,-2.0,1.0,-8.0,-14.0,-1.0,3.0,-21.0,-57.0,-2.0,-4.0,2.0,-8.0,-18.0,-12.0,1.0,64.0,15.0,0.0,-9.0,-6.0,-7.0,-8.0,21.0,5
-5.0,-22.0,-5.0,4.0,7.0,0.0,-3.0,-7.0,33.0,15.0,1.0,6.0,12.0,2.0,7.0,7.0,-2.0,-4.0,1.0,0.0,10.0,6.0,8.0,-4.0,-28.0,25.0,0.0,-4.0,-11.0,-2.0,6.0,-7.0,-5.0,-2.0,-1.0,-1.0,-2.0,-2.0,-3.0,-1.0,-11.0,-4.0,-3.0,0.0,-9.0,-1.0,0.0,2.0,14.0,-5.0,-7.0,-5.0,-8.0,-15.0,-10.0,-4.0,5.0,-13.0,-1.0,0.0,-1.0,3.0,0.0,-2.0,5
9.0,2.0,2.0,8.0,12.0,7.0,-2.0,-5.0,-13.0,4.0,0.0,-2.0,1.0,3.0,0.0,2.0,18.0,7.0,1.0,1.0,3.0,10.0,5.0,8.0,-23.0,-4.0,-2.0,-1.0,2.0,2.0,-4.0,-13.0,-9.0,2.0,-1.0,-4.0,-8.0,-12.0,1.0,-5.0,9.0,1.0,-3.0,-3.0,-2.0,-2.0,-12.0,1.0,-5.0,-21.0,2.0,-4.0,1.0,-2.0,7.0,-11.0,-54.0,-15.0,-4.0,-10.0,-20.0,-11.0,-6.0,5.0,5
41.0,15.0,1.0,6.0,16.0,12.0,4.0,-2.0,11.0,10.0,4.0,6.0,7.0,-1.0,0.0,12.0,6.0,3.0,-4.0,-1.0,2.0,10.0,9.0,-9.0,-8.0,-12.0,2.0,1.0,5.0,-1.0,-1.0,-6.0,-11.0,2.0,-1.0,-3.0,1.0,0.0,-3.0,2.0,-19.0,-13.0,-3.0,-5.0,-15.0,-10.0,-3.0,-13.0,21.0,13.0,4.0,3.0,-2.0,-8.0,-16.0,3.0,5.0,9.0,-3.0,-1.0,-4.0,-4.0,-4.0,-4.0,5
-4.0,-1.0,-3.0,-8.0,-3.0,5.0,2.0,8.0,8.0,3.0,0.0,3.0,2.0,2.0,3.0,2.0,-16.0,-11.0,-5.0,-9.0,-9.0,2.0,7.0,1.0,10.0,7.0,2.0,11.0,13.0,2.0,-3.0,5.0,2.0,6.0,-3.0,-4.0,-4.0,-10.0,-5.0,-17.0,-6.0,-12.0,-2.0,1.0,1.0,1.0,2.0,24.0,-6.0,-18.0,0.0,-6.0,0.0,1.0,-3.0,-3.0,-24.0,-3.0,-5.0,-5.0,-8.0,-4.0,1.0,4.0,5
10.0,4.0,2.0,4.0,-1.0,-5.0,-3.0,5.0,25.0,9.0,0.0,-1.0,3.0,-3.0,-6.0,-16.0,11.0,4.0,-2.0,5.0,7.0,2.0,-1.0,21.0,1.0,3.0,4.0,3.0,4.0,2.0,0.0,-7.0,-35.0,-24.0,-4.0,-9.0,-5.0,-1.0,-7.0,-8.0,-18.0,-56.0,-8.0,-3.0,-14.0,-10.0,-7.0,-5.0,38.0,21.0,-2.0,-5.0,-2.0,1.0,2.0,-4.0,-9.0,10.0,4.0,4.0,0.0,-6.0,1.0,1.0,5
-2.0,-6.0,-2.0,4.0,11.0,3.0,2.0,8.0,1.0,21.0,2.0,0.0,1.0,0.0,1.0,-2.0,-2.0,-2.0,-1.0,2.0,2.0,4.0,1.0,-8.0,0.0,-10.0,-1.0,-3.0,-7.0,-1.0,3.0,3.0,10.0,13.0,0.0,-4.0,-9.0,-7.0,-3.0,-8.0,-14.0,-8.0,-4.0,-2.0,-2.0,-1.0,-6.0,0.0,-3.0,-2.0,0.0,-4.0,-5.0,0.0,1.0,0.0,17.0,11.0,1.0,6.0,4.0,1.0,2.0,-6.0,5
-57.0,-12.0,-5.0,-8.0,-8.0,0.0,-3.0,-2.0,64.0,23.0,4.0,4.0,6.0,4.0,8.0,14.0,-5.0,-9.0,-2.0,6.0,4.0,0.0,-5.0,-6.0,42.0,1.0,1.0,-4.0,0.0,1.0,-3.0,1.0,-8.0,12.0,-1.0,0.0,-2.0,0.0,-5.0,-4.0,-30.0,3.0,-3.0,-5.0,-2.0,-1.0,-5.0,-9.0,2.0,3.0,3.0,-2.0,-4.0,-2.0,-3.0,2.0,-2.0,-14.0,-3.0,0.0,5.0,1.0,1.0,1.0,5
17.0,10.0,-1.0,1.0,-2.0,-1.0,3.0,3.0,-13.0,10.0,1.0,-11.0,-7.0,0.0,7.0,-5.0,1.0,2.0,-2.0,9.0,9.0,-4.0,-1.0,7.0,-18.0,-10.0,-6.0,-5.0,3.0,10.0,0.0,-4.0,18.0,29.0,3.0,-4.0,-8.0,2.0,1.0,0.0,-16.0,-23.0,-1.0,6.0,12.0,-9.0,-11.0,-8.0,-5.0,7.0,-1.0,-3.0,-7.0,-2.0,-3.0,-6.0,-45.0,-9.0,-3.0,-4.0,0.0,5.0,0.0,-4.0,5
45.0,6.0,0.0,-6.0,-6.0,-1.0,6.0,10.0,-20.0,2.0,1.0,11.0,11.0,-2.0,-2.0,-10.0,44.0,1.0,1.0,-2.0,-4.0,-3.0,1.0,6.0,-8.0,6.0,-1.0,3.0,10.0,-5.0,0.0,-5.0,-18.0,-12.0,-6.0,-6.0,-12.0,-6.0,1.0,1.0,-8.0,1.0,1.0,-6.0,-5.0,2.0,-5.0,-15.0,-7.0,-9.0,-4.0,-2.0,-1.0,5.0,2.0,0.0,-11.0,5.0,-4.0,-1.0,-4.0,-14.0,-9.0,-20.0,5
-7.0,-12.0,-4.0,-3.0,8.0,-4.0,-4.0,4.0,40.0,23.0,3.0,10.0,-2.0,-5.0,1.0,10.0,-21.0,-6.0,0.0,-3.0,-1.0,8.0,9.0,0.0,16.0,-33.0,-5.0,-6.0,-4.0,-1.0,-9.0,-4.0,-11.0,-11.0,0.0,4.0,4.0,3.0,4.0,-8.0,-20.0,-6.0,-3.0,-5.0,-1.0,4.0,-6.0,0.0,16.0,5.0,1.0,-2.0,-3.0,-5.0,-1.0,-3.0,9.0,12.0,3.0,-2.0,-10.0,-1.0,0.0,2.0,5
16.0,-12.0,-2.0,0.0,2.0,-12.0,-4.0,3.0,-33.0,-7.0,-2.0,-2.0,0.0,7.0,6.0,3.0,-4.0,-12.0,-1.0,-2.0,1.0,3.0,3.0,-4.0,7.0,37.0,3.0,0.0,-5.0,4.0,4.0,7.0,-3.0,1.0,-2.0,-10.0,-10.0,-2.0,-10.0,-8.0,-5.0,0.0,-3.0,5.0,-4.0,-4.0,-4.0,-8.0,-5.0,7.0,3.0,3.0,6.0,-10.0,1.0,0.0,7.0,8.0,2.0,-1.0,-9.0,-4.0,-1.0,24.0,5
-27.0,-12.0,-2.0,5.0,11.0,7.0,8.0,-4.0,23.0,12.0,1.0,-6.0,-5.0,1.0,7.0,8.0,-9.0,-1.0,-3.0,-5.0,-9.0,-5.0,-9.0,-19.0,3.0,-20.0,-2.0,-1.0,1.0,-6.0,2.0,2.0,-12.0,13.0,1.0,0.0,-4.0,-3.0,-3.0,4.0,-40.0,-38.0,-7.0,-7.0,-2.0,-3.0,-8.0,-14.0,30.0,7.0,0.0,1.0,0.0,-3.0,-5.0,11.0,-19.0,-4.0,0.0,0.0,2.0,11.0,5.0,-16.0,5
24.0,-15.0,1.0,1.0,2.0,9.0,3.0,7.0,-3.0,6.0,1.0,-2.0,-6.0,2.0,4.0,0.0,-11.0,-3.0,-3.0,8.0,10.0,-10.0,-5.0,1.0,-5.0,1.0,-4.0,-1.0,-2.0,2.0,-2.0,-3.0,-5.0,4.0,1.0,-2.0,-4.0,-4.0,-2.0,-6.0,21.0,4.0,0.0,0.0,3.0,-1.0,-1.0,13.0,-36.0,-1.0,-2.0,-11.0,-17.0,1.0,2.0,-11.0,16.0,-36.0,-5.0,6.0,18.0,0.0,-2.0,2.0,5
-7.0,5.0,6.0,7.0,4.0,-5.0,-7.0,-9.0,10.0,-53.0,-8.0,-8.0,-2.0,0.0,-1.0,9.0,-18.0,9.0,-4.0,-1.0,-7.0,-2.0,-5.0,-2.0,-10.0,14.0,3.0,-4.0,-11.0,-2.0,5.0,-2.0,-6.0,-4.0,-2.0,5.0,5.0,2.0,-11.0,-9.0,33.0,18.0,0.0,-5.0,0.0,-2.0,-4.0,-8.0,-22.0,-24.0,-3.0,0.0,-4.0,-6.0,3.0,7.0,2.0,5.0,-3.0,-2.0,0.0,-6.0,-3.0,-9.0,5
4.0,14.0,-1.0,2.0,-7.0,-7.0,-3.0,7.0,-27.0,-9.0,-1.0,-3.0,-4.0,-3.0,-6.0,-8.0,12.0,-2.0,1.0,3.0,8.0,1.0,-5.0,-1.0,5.0,8.0,2.0,3.0,0.0,4.0,2.0,-4.0,-51.0,-15.0,-4.0,-1.0,6.0,-5.0,-3.0,2.0,37.0,21.0,2.0,-5.0,-9.0,0.0,0.0,-2.0,0.0,5.0,-4.0,-4.0,-1.0,-1.0,3.0,5.0,2.0,-7.0,-1.0,-7.0,-6.0,-3.0,-2.0,-3.0,5
-7.0,-3.0,-1.0,5.0,6.0,5.0,3.0,-17.0,-23.0,10.0,-2.0,0.0,7.0,5.0,5.0,34.0,19.0,-21.0,0.0,-3.0,-3.0,0.0,-8.0,-6.0,3.0,14.0,2.0,0.0,1.0,8.0,3.0,3.0,23.0,32.0,5.0,-5.0,-14.0,-7.0,9.0,17.0,-4.0,2.0,-2.0,2.0,6.0,4.0,4.0,-14.0,5.0,13.0,-1.0,-1.0,0.0,3.0,0.0,-2.0,-8.0,-4.0,-2.0,-2.0,-9.0,-6.0,3.0,4.0,5
7.0,-23.0,-4.0,-7.0,-7.0,-3.0,-14.0,-3.0,-31.0,1.0,0.0,4.0,8.0,2.0,4.0,-6.0,41.0,2.0,0.0,0.0,1.0,0.0,0.0,11.0,5.0,6.0,1.0,1.0,11.0,6.0,1.0,-9.0,-2.0,-8.0,-3.0,-7.0,-5.0,-2.0,-1.0,-1.0,-1.0,-2.0,-1.0,3.0,-5.0,-10.0,-9.0,-6.0,-24.0,-4.0,0.0,0.0,4.0,3.0,1.0,-2.0,0.0,9.0,0.0,-3.0,-2.0,0.0,-2.0,-9.0,5
-2.0,-12.0,0.0,2.0,0.0,-3.0,4.0,13.0,7.0,-7.0,-3.0,-4.0,-4.0,-3.0,2.0,-4.0,9.0,15.0,3.0,-4.0,0.0,3.0,-4.0,3.0,-5.0,-4.0,-5.0,-11.0,-18.0,-8.0,-9.0,-5.0,-2.0,-1.0,1.0,12.0,12.0,-11.0,-3.0,-9.0,-4.0,7.0,1.0,0.0,10.0,11.0,6.0,-6.0,-28.0,-10.0,-5.0,4.0,3.0,-5.0,-1.0,1.0,10.0,7.0,1.0,-3.0,-6.0,-3.0,-5.0,2.0,5
25.0,-8.0,-4.0,-9.0,-17.0,-1.0,7.0,-6.0,10.0,5.0,0.0,-2.0,-4.0,-12.0,-14.0,5.0,-10.0,-3.0,-5.0,1.0,7.0,1.0,1.0,-1.0,4.0,-4.0,0.0,0.0,2.0,4.0,-3.0,-1.0,-12.0,9.0,-2.0,-2.0,-3.0,-2.0,1.0,-7.0,5.0,-18.0,-3.0,-2.0,-6.0,-4.0,1.0,-6.0,-16.0,7.0,-3.0,-5.0,2.0,4.0,-1.0,-11.0,-12.0,-6.0,0.0,8.0,12.0,2.0,8.0,11.0,5
10.0,-10.0,-2.0,4.0,5.0,9.0,-7.0,-14.0,-3.0,29.0,3.0,1.0,-1.0,4.0,0.0,2.0,-28.0,-31.0,0.0,-3.0,-7.0,-7.0,-1.0,4.0,16.0,-13.0,-6.0,-5.0,-4.0,-7.0,-1.0,10.0,15.0,9.0,3.0,1.0,4.0,6.0,5.0,4.0,-1.0,10.0,-2.0,-12.0,-18.0,-2.0,-3.0,-6.0,5.0,-6.0,2.0,6.0,5.0,7.0,9.0,-5.0,-22.0,5.0,2.0,3.0,13.0,7.0,-2.0,-6.0,5
-2.0,-15.0,-3.0,-5.0,-12.0,-8.0,-4.0,2.0,12.0,5.0,2.0,2.0,9.0,-1.0,-1.0,-8.0,6.0,17.0,-2.0,-4.0,-7.0,-10.0,-11.0,-5.0,-7.0,-7.0,-3.0,-3.0,1.0,-1.0,2.0,2.0,-4.0,1.0,-2.0,-4.0,-4.0,2.0,7.0,7.0,-8.0,0.0,1.0,1.0,-7.0,-6.0,-1.0,-9.0,-8.0,4.0,1.0,-1.0,-6.0,4.0,1.0,-8.0,16.0,1.0,-5.0,-3.0,5.0,-7.0,-10.0,10.0,5
-18.0,-6.0,3.0,2.0,6.0,1.0,-2.0,-4.0,20.0,0.0,-1.0,-4.0,1.0,4.0,-2.0,-3.0,13.0,35.0,4.0,-6.0,-6.0,-2.0,3.0,11.0,17.0,5.0,1.0,0.0,-8.0,-4.0,-3.0,-9.0,8.0,2.0,0.0,10.0,11.0,1.0,0.0,1.0,-42.0,5.0,-3.0,-1.0,2.0,6.0,2.0,-4.0,20.0,11.0,6.0,0.0,-2.0,2.0,2.0,3.0,-10.0,-5.0,-2.0,-8.0,-12.0,-5.0,-4.0,-7.0,5
9.0,4.0,-1.0,-2.0,-2.0,7.0,6.0,3.0,-21.0,-6.0,0.0,4.0,0.0,1.0,4.0,-1.0,0.0,-11.0,-4.0,0.0,-6.0,-11.0,-4.0,8.0,-7.0,6.0,1.0,6.0,10.0,2.0,4.0,-4.0,-3.0,-7.0,-4.0,-10.0,-10.0,-3.0,-10.0,-3.0,-15.0,-15.0,-2.0,1.0,5.0,2.0,5.0,7.0,43.0,20.0,-2.0,-2.0,6.0,6.0,0.0,-3.0,2.0,-9.0,0.0,1.0,-11.0,-8.0,-4.0,2.0,5
-30.0,1.0,0.0,0.0,-3.0,-4.0,2.0,-8.0,22.0,-21.0,0.0,3.0,7.0,0.0,-2.0,9.0,-10.0,-11.0,-3.0,0.0,-2.0,-7.0,-1.0,-16.0,-16.0,1.0,-2.0,1.0,4.0,0.0,0.0,9.0,12.0,-5.0,-4.0,-7.0,-7.0,-6.0,-16.0,-13.0,3.0,10.0,1.0,5.0,2.0,-2.0,-1.0,27.0,-42.0,-8.0,-7.0,-4.0,0.0,4.0,-3.0,-10.0,37.0,-3.0,1.0,4.0,9.0,6.0,5.0,-6.0,5
-14.0,1.0,0.0,-1.0,-3.0,-2.0,-1.0,3.0,26.0,16.0,-2.0,-8.0,-10.0,-2.0,0.0,-1.0,55.0,18.0,1.0,3.0,-3.0,3.0,0.0,9.0,-23.0,-75.0,-9.0,-4.0,-3.0,-6.0,0.0,-1.0,0.0,-7.0,-3.0,-1.0,0.0,4.0,9.0,-3.0,-10.0,-4.0,-3.0,1.0,-2.0,-4.0,-7.0,-6.0,-37.0,-23.0,0.0,-8.0,-7.0,-3.0,-3.0,2.0,1.0,25.0,3.0,7.0,5.0,1.0,3.0,-4.0,5
16.0,1.0,2.0,1.0,5.0,4.0,-3.0,1.0,-18.0,-19.0,-6.0,-6.0,0.0,7.0,-5.0,-11.0,-4.0,3.0,2.0,4.0,-1.0,-5.0,5.0,11.0,5.0,15.0,6.0,-1.0,-2.0,2.0,-4.0,-8.0,-14.0,-6.0,-1.0,2.0,8.0,-1.0,-2.0,5.0,1.0,11.0,0.0,-2.0,-7.0,-3.0,0.0,-5.0,0.0,4.0,-2.0,-3.0,-1.0,1.0,-3.0,0.0,8.0,10.0,0.0,-1.0,-5.0,-3.0,-2.0,-1.0,5
8.0,3.0,-4.0,-2.0,2.0,4.0,4.0,-6.0,-1.0,-1.0,-3.0,-9.0,-15.0,-12.0,-8.0,-2.0,5.0,-10.0,2.0,10.0,3.0,-4.0,-3.0,8.0,-14.0,-3.0,-1.0,8.0,19.0,2.0,-2.0,-1.0,7.0,0.0,-1.0,-3.0,2.0,8.0,1.0,4.0,-14.0,-7.0,0.0,4.0,10.0,-5.0,3.0,-1.0,-14.0,0.0,-2.0,-4.0,-2.0,-1.0,-4.0,-12.0,8.0,29.0,-2.0,-8.0,-15.0,-2.0,-4.0,-7.0,5
36.0,7.0,2.0,1.0,-3.0,-7.0,-3.0,13.0,-5.0,-36.0,-5.0,-2.0,0.0,-4.0,9.0,6.0,-15.0,-23.0,-10.0,-2.0,-5.0,-2.0,3.0,-6.0,-33.0,-13.0,0.0,-3.0,7.0,4.0,-11.0,-6.0,24.0,52.0,5.0,-13.0,-19.0,-8.0,-7.0,2.0,17.0,12.0,3.0,9.0,0.0,-2.0,3.0,-2.0,3.0,-5.0,1.0,8.0,21.0,6.0,0.0,-1.0,4.0,-12.0,-3.0,-3.0,0.0,-2.0,3.0,5.0,5
-21.0,-8.0,-1.0,1.0,7.0,6.0,0.0,-5.0,10.0,7.0,2.0,-5.0,-6.0,-8.0,-5.0,0.0,2.0,2.0,-1.0,-6.0,-9.0,11.0,3.0,-2.0,-39.0,-8.0,-4.0,-4.0,-10.0,-3.0,-1.0,1.0,32.0,-3.0,-4.0,-10.0,-24.0,-17.0,-12.0,-7.0,23.0,8.0,2.0,4.0,17.0,5.0,-3.0,-5.0,-15.0,-5.0,2.0,8.0,7.0,-2.0,1.0,0.0,12.0,11.0,1.0,-3.0,2.0,2.0,5.0,8.0,5
-15.0,-12.0,-3.0,3.0,5.0,0.0,2.0,-5.0,-16.0,-4.0,0.0,1.0,-2.0,3.0,2.0,-5.0,4.0,-3.0,-4.0,-3.0,3.0,1.0,1.0,-1.0,2.0,3.0,-2.0,-2.0,-1.0,1.0,-3.0,1.0,-37.0,17.0,0.0,2.0,-2.0,-2.0,1.0,-15.0,16.0,0.0,-3.0,-3.0,-9.0,-9.0,-11.0,14.0,-5.0,1.0,2.0,1.0,-2.0,-5.0,-7.0,-2.0,7.0,11.0,0.0,-2.0,-3.0,1.0,8.0,7.0,5
-4.0,-10.0,-3.0,-6.0,-1.0,3.0,5.0,3.0,-10.0,6.0,3.0,8.0,3.0,0.0,1.0,-7.0,14.0,-1.0,-2.0,-6.0,5.0,20.0,13.0,13.0,-52.0,-15.0,0.0,8.0,7.0,-8.0,-9.0,-14.0,70.0,-3.0,1.0,4.0,3.0,-14.0,-11.0,-1.0,-6.0,14.0,3.0,-2.0,-2.0,-2.0,-3.0,-7.0,12.0,1.0,0.0,-2.0,-4.0,2.0,-2.0,4.0,8.0,0.0,-1.0,-1.0,-1.0,4.0,1.0,-2.0,5
-39.0,-17.0,-3.0,-1.0,-1.0,2.0,3.0,3.0,27.0,10.0,1.0,-9.0,-12.0,-2.0,-1.0,5.0,-15.0,11.0,3.0,11.0,16.0,6.0,2.0,-15.0,21.0,-5.0,-2.0,0.0,10.0,4.0,-1.0,28.0,-6.0,-5.0,-3.0,-9.0,-11.0,-6.0,-5.0,-3.0,25.0,16.0,3.0,4.0,-5.0,1.0,4.0,3.0,-15.0,-1.0,-1.0,3.0,15.0,6.0,2.0,6.0,-18.0,-7.0,-5.0,-4.0,-2.0,0.0,-8.0,-15.0,5
-6.0,-9.0,-2.0,-5.0,-15.0,-9.0,0.0,-2.0,28.0,12.0,0.0,-2.0,1.0,-1.0,-3.0,-4.0,-15.0,-13.0,-2.0,-1.0,-4.0,5.0,3.0,-3.0,7.0,0.0,-1.0,10.0,12.0,-5.0,-2.0,-2.0,-20.0,-9.0,-2.0,-6.0,-7.0,-4.0,-4.0,-3.0,-18.0,0.0,-1.0,-5.0,-12.0,-10.0,-5.0,-2.0,30.0,-5.0,-1.0,1.0,9.0,6.0,3.0,-1.0,-11.0,2.0,0.0,-2.0,1.0,1.0,-3.0,2.0,5
1.0,-1.0,0.0,4.0,-3.0,-15.0,-11.0,-8.0,-31.0,-3.0,-1.0,-1.0,-9.0,6.0,5.0,-32.0,34.0,11.0,-3.0,-2.0,-4.0,-5.0,-2.0,34.0,-6.0,-15.0,-4.0,-10.0,-15.0,-10.0,-8.0,1.0,10.0,2.0,-1.0,1.0,-2.0,3.0,-2.0,-8.0,5.0,2.0,1.0,4.0,9.0,5.0,6.0,5.0,-7.0,10.0,2.0,1.0,5.0,0.0,-1.0,-18.0,5.0,13.0,-3.0,-12.0,-7.0,1.0,0.0,10.0,5
11.0,-15.0,-1.0,7.0,1.0,-2.0,-3.0,10.0,-14.0,-25.0,-1.0,3.0,11.0,0.0,-1.0,2.0,8.0,7.0,1.0,-2.0,-2.0,5.0,8.0,-2.0,16.0,18.0,3.0,5.0,3.0,-1.0,-3.0,-5.0,3.0,10.0,0.0,-5.0,-6.0,-2.0,3.0,1.0,-17.0,0.0,-5.0,-10.0,-23.0,-3.0,4.0,6.0,25.0,-25.0,1.0,2.0,4.0,-14.0,-8.0,-4.0,-22.0,-3.0,0.0,8.0,22.0,9.0,5.0,-1.0,5
-25.0,-3.0,-2.0,-1.0,-5.0,-5.0,-3.0,-6.0,53.0,8.0,-2.0,-5.0,-8.0,2.0,0.0,8.0,-32.0,-6.0,-5.0,-13.0,-17.0,-3.0,0.0,1.0,1.0,5.0,1.0,14.0,7.0,-4.0,-5.0,-6.0,3.0,-1.0,2.0,2.0,7.0,3.0,4.0,7.0,-3.0,3.0,-2.0,0.0,-2.0,-4.0,-4.0,-5.0,-15.0,-10.0,-4.0,-4.0,-6.0,5.0,2.0,0.0,5.0,-5.0,0.0,-5.0,-6.0,-5.0,-2.0,-9.0,5
2.0,1.0,-2.0,-2.0,1.0,-5.0,2.0,14.0,0.0,24.0,2.0,-2.0,-1.0,5.0,9.0,-6.0,-22.0,-32.0,-6.0,-1.0,-3.0,-3.0,-14.0,3.0,-8.0,-2.0,-1.0,-4.0,-2.0,5.0,0.0,-11.0,40.0,19.0,5.0,3.0,2.0,6.0,4.0,2.0,23.0,9.0,1.0,-2.0,-2.0,-4.0,-6.0,4.0,-27.0,-17.0,-4.0,2.0,2.0,2.0,-1.0,-15.0,-10.0,3.0,2.0,-3.0,-8.0,-3.0,-2.0,3.0,5
-22.0,-24.0,-6.0,-1.0,-2.0,-1.0,-2.0,-11.0,-15.0,-21.0,-4.0,-6.0,0.0,4.0,0.0,3.0,29.0,13.0,3.0,7.0,8.0,-2.0,-1.0,0.0,-4.0,-7.0,-5.0,-1.0,6.0,1.0,4.0,0.0,3.0,9.0,-5.0,-7.0,-7.0,-1.0,-1.0,-10.0,-6.0,-2.0,2.0,0.0,-5.0,4.0,-6.0,1.0,-25.0,-15.0,-1.0,-12.0,-16.0,-4.0,1.0,-5.0,10.0,14.0,4.0,2.0,-5.0,-4.0,2.0,1.0,5
10.0,-9.0,0.0,1.0,10.0,-3.0,2.0,-1.0,-12.0,-2.0,2.0,12.0,14.0,2.0,-1.0,-1.0,-12.0,1.0,-4.0,2.0,1.0,-2.0,-6.0,-3.0,12.0,3.0,1.0,-2.0,-8.0,-4.0,1.0,-1.0,1.0,5.0,-2.0,-5.0,-7.0,4.0,-2.0,-6.0,6.0,23.0,1.0,-2.0,0.0,5.0,5.0,17.0,-51.0,-25.0,-2.0,-1.0,-13.0,-17.0,-13.0,-13.0,60.0,7.0,-3.0,-1.0,5.0,6.0,8.0,11.0,5
-10.0,0.0,-1.0,-1.0,-1.0,-2.0,-8.0,-3.0,-20.0,7.0,0.0,-1.0,-1.0,-5.0,1.0,-4.0,33.0,-4.0,3.0,3.0,9.0,8.0,11.0,10.0,-15.0,-10.0,-4.0,-4.0,-4.0,-6.0,-5.0,-6.0,-3.0,2.0,-1.0,-4.0,-5.0,-4.0,1.0,-3.0,0.0,-11.0,-2.0,0.0,2.0,-1.0,-2.0,-2.0,-7.0,10.0,-1.0,-3.0,-1.0,8.0,11.0,-1.0,1.0,9.0,0.0,6.0,7.0,-6.0,-14.0,1.0,5
5.0,14.0,1.0,-4.0,-12.0,-7.0,-7.0,-3.0,4.0,-9.0,-5.0,2.0,11.0,2.0,-7.0,5.0,-2.0,2.0,-2.0,-1.0,-4.0,-4.0,0.0,-4.0,-6.0,-4.0,-4.0,-2.0,-3.0,2.0,1.0,1.0,-3.0,-5.0,0.0,-5.0,-2.0,-5.0,4.0,7.0,4.0,-9.0,-1.0,-3.0,-5.0,-4.0,-3.0,-8.0,-1.0,-10.0,-2.0,-2.0,2.0,6.0,6.0,1.0,-8.0,1.0,-1.0,-7.0,-6.0,-7.0,-1.0,-9.0,5
-9.0,2.0,3.0,3.0,2.0,4.0,2.0,4.0,39.0,-2.0,-6.0,-5.0,-5.0,6.0,6.0,9.0,-10.0,-2.0,1.0,5.0,6.0,-4.0,-14.0,-9.0,-9.0,-9.0,-5.0,-7.0,-10.0,2.0,-1.0,0.0,14.0,-2.0,1.0,-1.0,-4.0,-13.0,-5.0,-8.0,-9.0,-6.0,1.0,-7.0,-6.0,0.0,3.0,0.0,-3.0,-6.0,-3.0,-4.0,-5.0,0.0,4.0,-14.0,-40.0,-19.0,-5.0,-14.0,-12.0,-2.0,-4.0,-5.0,5
31.0,20.0,-1.0,20.0,16.0,4.0,-2.0,4.0,18.0,-27.0,0.0,-1.0,14.0,7.0,14.0,9.0,9.0,15.0,2.0,2.0,4.0,5.0,-1.0,2.0,-12.0,-13.0,2.0,3.0,-7.0,-10.0,-6.0,-7.0,1.0,27.0,2.0,-7.0,-17.0,-8.0,-3.0,-6.0,-38.0,-20.0,1.0,-3.0,-8.0,1.0,-3.0,-3.0,-12.0,-4.0,1.0,0.0,2.0,2.0,2.0,-5.0,28.0,-12.0,-4.0,-1.0,2.0,6.0,7.0,2.0,5
-3.0,9.0,0.0,-5.0,2.0,8.0,1.0,5.0,1.0,6.0,-2.0,-5.0,2.0,-3.0,-5.0,6.0,-5.0,-4.0,1.0,4.0,3.0,-7.0,-15.0,-10.0,11.0,17.0,2.0,10.0,13.0,-2.0,-3.0,3.0,9.0,-15.0,-3.0,-5.0,-13.0,-5.0,4.0,2.0,-34.0,6.0,0.0,7.0,6.0,-2.0,-2.0,-7.0,4.0,-19.0,-5.0,-5.0,-4.0,2.0,3.0,1.0,16.0,2.0,-2.0,-3.0,-6.0,-5.0,-4.0,5.0,5
-10.0,-7.0,0.0,-6.0,-1.0,8.0,4.0,-3.0,-3.0,-2.0,-4.0,-9.0,-13.0,-5.0,2.0,-2.0,-13.0,-3.0,-3.0,3.0,0.0,-7.0,0.0,-3.0,2.0,-4.0,-1.0,4.0,4.0,-3.0,-7.0,-10.0,7.0,-3.0,-2.0,-5.0,-4.0,6.0,3.0,3.0,-33.0,-5.0,-5.0,-8.0,-9.0,-3.0,-7.0,-1.0,11.0,2.0,-1.0,-6.0,-15.0,-9.0,-2.0,7.0,20.0,19.0,2.0,1.0,-3.0,1.0,-2.0,-9.0,5
-19.0,-29.0,-6.0,-1.0,1.0,-8.0,-2.0,17.0,9.0,-20.0,1.0,2.0,3.0,-1.0,-6.0,-4.0,3.0,21.0,1.0,-1.0,4.0,5.0,3.0,-7.0,-1.0,4.0,1.0,-2.0,-5.0,0.0,1.0,2.0,0.0,15.0,-5.0,-1.0,0.0,-1.0,-8.0,2.0,4.0,-13.0,-1.0,-3.0,-3.0,-5.0,-1.0,1.0,0.0,-15.0,-1.0,1.0,5.0,3.0,5.0,3.0,-39.0,-13.0,-4.0,-1.0,5.0,0.0,-1.0,-3.0,5
16.0,42.0,5.0,2.0,1.0,1.0,1.0,-4.0,-13.0,5.0,-5.0,-3.0,-7.0,-4.0,-3.0,-9.0,24.0,1.0,1.0,-2.0,-4.0,2.0,0.0,3.0,-4.0,-2.0,-2.0,0.0,5.0,-1.0,2.0,3.0,-12.0,-4.0,1.0,1.0,2.0,-8.0,-4.0,-13.0,8.0,9.0,0.0,-4.0,-4.0,1.0,-1.0,2.0,-33.0,-10.0,-4.0,0.0,-4.0,-3.0,-1.0,-3.0,13.0,4.0,0.0,0.0,-5.0,1.0,3.0,6.0,5
-16.0,-19.0,-4.0,-11.0,-17.0,-4.0,-7.0,-17.0,38.0,22.0,6.0,14.0,7.0,-4.0,5.0,14.0,-24.0,-15.0,-4.0,-3.0,5.0,5.0,4.0,-6.0,9.0,-8.0,-2.0,1.0,3.0,1.0,-1.0,7.0,-1.0,12.0,1.0,-6.0,-7.0,-2.0,3.0,3.0,1.0,-4.0,-6.0,-17.0,-15.0,3.0,2.0,-23.0,-14.0,2.0,1.0,17.0,13.0,-1.0,6.0,21.0,23.0,4.0,1.0,-4.0,-4.0,-5.0,-18.0,-25.0,5
-8.0,-14.0,-1.0,0.0,5.0,1.0,0.0,-10.0,-2.0,0.0,1.0,-9.0,-4.0,6.0,-2.0,18.0,8.0,0.0,-2.0,2.0,3.0,7.0,4.0,-6.0,-4.0,-29.0,-7.0,2.0,6.0,-2.0,6.0,8.0,5.0,-13.0,-1.0,8.0,15.0,3.0,-1.0,-6.0,-3.0,1.0,0.0,-2.0,-3.0,-9.0,-5.0,-7.0,29.0,4.0,-1.0,-7.0,2.0,12.0,0.0,3.0,-29.0,-8.0,0.0,-4.0,-8.0,-3.0,6.0,4.0,5
30.0,7.0,1.0,1.0,-1.0,2.0,3.0,6.0,4.0,29.0,3.0,3.0,6.0,1.0,0.0,-5.0,-19.0,-8.0,-4.0,-8.0,-11.0,-14.0,-9.0,1.0,1.0,13.0,2.0,-1.0,-6.0,3.0,-3.0,-8.0,3.0,-12.0,-1.0,-4.0,-2.0,-2.0,4.0,6.0,15.0,22.0,1.0,11.0,7.0,1.0,3.0,-2.0,-12.0,-2.0,-3.0,-6.0,-4.0,-5.0,-8.0,-4.0,7.0,9.0,3.0,1.0,2.0,1.0,1.0,-1.0,5
-30.0,-21.0,0.0,-3.0,-3.0,-2.0,8.0,-4.0,1.0,-20.0,-7.0,-10.0,-13.0,-5.0,-21.0,-13.0,19.0,12.0,4.0,14.0,10.0,2.0,1.0,-11.0,-7.0,-12.0,-7.0,-9.0,1.0,-3.0,-12.0,4.0,3.0,3.0,-3.0,2.0,3.0,3.0,1.0,-1.0,-6.0,-13.0,-5.0,1.0,2.0,6.0,4.0,1.0,23.0,4.0,-1.0,-7.0,-8.0,-4.0,-2.0,-1.0,4.0,10.0,2.0,0.0,1.0,3.0,0.0,5.0,5
-2.0,-3.0,-1.0,5.0,16.0,12.0,1.0,-2.0,14.0,7.0,4.0,-1.0,-9.0,-5.0,2.0,5.0,-12.0,-4.0,-1.0,-8.0,-8.0,-3.0,0.0,-6.0,-24.0,-18.0,-4.0,1.0,6.0,-3.0,-2.0,-11.0,4.0,54.0,5.0,1.0,2.0,4.0,0.0,9.0,9.0,1.0,0.0,1.0,0.0,4.0,4.0,15.0,-14.0,-2.0,0.0,-5.0,-14.0,-6.0,-1.0,-21.0,12.0,5.0,0.0,-4.0,-12.0,-5.0,-4.0,8.0,5
-30.0,-24.0,-3.0,0.0,-1.0,1.0,-1.0,-1.0,-20.0,1.0,-1.0,7.0,11.0,3.0,7.0,-3.0,25.0,1.0,-2.0,-6.0,-8.0,-21.0,-13.0,-9.0,-6.0,12.0,0.0,15.0,11.0,1.0,0.0,4.0,-5.0,-4.0,-1.0,0.0,-4.0,-8.0,-5.0,2.0,-2.0,-21.0,1.0,-4.0,-3.0,-1.0,-2.0,-8.0,-27.0,-13.0,-2.0,0.0,6.0,14.0,3.0,11.0,8.0,-5.0,-5.0,-7.0,-5.0,-9.0,4.0,3.0,5
34.0,8.0,1.0,-2.0,-7.0,-10.0,-2.0,0.0,-15.0,-13.0,-4.0,-3.0,4.0,1.0,-1.0,-4.0,-32.0,-5.0,-3.0,-5.0,-12.0,-2.0,4.0,0.0,35.0,18.0,4.0,-4.0,-5.0,4.0,0.0,0.0,-4.0,-9.0,-2.0,1.0,-1.0,3.0,2.0,-3.0,2.0,13.0,-2.0,-1.0,1.0,2.0,0.0,-1.0,-10.0,-14.0,-3.0,-8.0,-5.0,-1.0,-9.0,-11.0,8.0,0.0,3.0,14.0,14.0,6.0,12.0,12.0,5
13.0,-32.0,0.0,-1.0,0.0,-1.0,-4.0,-16.0,-10.0,41.0,4.0,5.0,4.0,-9.0,-9.0,12.0,-11.0,-5.0,-1.0,3.0,5.0,-3.0,5.0,0.0,22.0,4.0,0.0,-13.0,-17.0,-4.0,-1.0,-4.0,-2.0,1.0,-5.0,1.0,4.0,-1.0,-7.0,2.0,-12.0,-5.0,1.0,4.0,7.0,3.0,5.0,-4.0,6.0,22.0,1.0,6.0,8.0,7.0,7.0,8.0,-40.0,-22.0,-8.0,-9.0,-6.0,-1.0,-9.0,-17.0,5
46.0,14.0,2.0,1.0,0.0,1.0,-2.0,9.0,2.0,-11.0,-1.0,-5.0,-8.0,-3.0,-3.0,-3.0,9.0,8.0,-1.0,-9.0,-10.0,-1.0,0.0,18.0,-7.0,-8.0,0.0,14.0,11.0,4.0,2.0,-11.0,-14.0,-11.0,-6.0,-7.0,-2.0,-2.0,-1.0,-1.0,7.0,-7.0,-1.0,0.0,2.0,5.0,-2.0,1.0,21.0,3.0,1.0,-2.0,-14.0,-12.0,0.0,5.0,-10.0,0.0,-2.0,-6.0,-10.0,0.0,-1.0,-5.0,5
-2.0,-5.0,-3.0,-2.0,2.0,-1.0,-2.0,1.0,2.0,-8.0,1.0,-3.0,-6.0,-13.0,-1.0,-4.0,-2.0,-3.0,0.0,3.0,6.0,1.0,0.0,-7.0,5.0,-29.0,-7.0,-3.0,-1.0,-1.0,1.0,4.0,-23.0,-21.0,-1.0,-2.0,-2.0,-2.0,-2.0,-6.0,-4.0,-10.0,-1.0,-1.0,-1.0,4.0,4.0,-1.0,0.0,-13.0,-3.0,0.0,0.0,-1.0,-12.0,-25.0,-26.0,-1.0,-1.0,0.0,1.0,-4.0,3.0,23.0,5
33.0,18.0,5.0,3.0,7.0,-1.0,4.0,6.0,-7.0,2.0,-2.0,-3.0,-8.0,0.0,-1.0,-5.0,-19.0,-12.0,-5.0,-4.0,-2.0,0.0,6.0,0.0,12.0,7.0,2.0,16.0,12.0,-1.0,-7.0,-4.0,-15.0,26.0,3.0,-5.0,-14.0,-5.0,-2.0,-4.0,-14.0,-6.0,0.0,5.0,3.0,-3.0,-2.0,-1.0,34.0,9.0,0.0,-3.0,2.0,-2.0,3.0,1.0,-11.0,-3.0,-1.0,-11.0,-13.0,-13.0,-14.0,-23.0,5
-14.0,1.0,0.0,1.0,4.0,-5.0,-1.0,20.0,15.0,3.0,-3.0,-5.0,-6.0,0.0,-4.0,-8.0,-6.0,-5.0,-1.0,-1.0,-1.0,2.0,-4.0,-4.0,-1.0,4.0,-1.0,-4.0,-4.0,1.0,4.0,12.0,8.0,4.0,0.0,-4.0,-14.0,-4.0,-1.0,-5.0,0.0,6.0,-2.0,0.0,2.0,-3.0,-2.0,-2.0,-10.0,-20.0,-4.0,1.0,7.0,0.0,4.0,1.0,13.0,14.0,4.0,1.0,4.0,2.0,4.0,-2.0,5
9.0,-9.0,-6.0,-6.0,-9.0,-3.0,-6.0,-9.0,-27.0,-10.0,-3.0,2.0,6.0,-1.0,-5.0,-4.0,-6.0,-23.0,3.0,4.0,2.0,2.0,0.0,-3.0,7.0,4.0,-1.0,-4.0,-10.0,-4.0,0.0,6.0,-13.0,-4.0,-6.0,-6.0,-3.0,4.0,-2.0,-5.0,-32.0,-29.0,1.0,3.0,10.0,3.0,2.0,1.0,30.0,52.0,5.0,5.0,3.0,-3.0,-5.0,3.0,-27.0,0.0,-2.0,-2.0,3.0,6.0,4.0,-3.0,5
20.0,22.0,0.0,-2.0,-13.0,-4.0,0.0,-5.0,5.0,4.0,0.0,1.0,-5.0,0.0,-1.0,13.0,-5.0,-4.0,-3.0,-2.0,3.0,9.0,5.0,1.0,11.0,0.0,0.0,-5.0,-8.0,-4.0,2.0,5.0,-31.0,7.0,2.0,11.0,12.0,2.0,-3.0,-11.0,9.0,-6.0,-4.0,-13.0,-11.0,-7.0,0.0,-5.0,14.0,-4.0,-3.0,13.0,11.0,-2.0,-9.0,-6.0,-13.0,13.0,2.0,-1.0,-1.0,2.0,3.0,8.0,5
12.0,-15.0,-1.0,2.0,8.0,7.0,11.0,-3.0,12.0,19.0,-1.0,-12.0,-20.0,-7.0,-7.0,-4.0,0.0,11.0,-1.0,-17.0,-8.0,3.0,0.0,4.0,-12.0,-18.0,-3.0,15.0,6.0,-8.0,-7.0,-18.0,-26.0,-7.0,-1.0,-4.0,3.0,-5.0,4.0,8.0,12.0,1.0,-1.0,1.0,4.0,-1.0,-2.0,-4.0,8.0,15.0,0.0,-5.0,-6.0,0.0,2.0,3.0,-10.0,-1.0,0.0,-9.0,-7.0,2.0,-2.0,-3.0,5
-5.0,-26.0,-1.0,-5.0,-10.0,0.0,-3.0,-2.0,11.0,11.0,-9.0,8.0,12.0,-6.0,-1.0,1.0,-10.0,-9.0,8.0,1.0,4.0,10.0,4.0,-8.0,-3.0,5.0,-3.0,-2.0,2.0,-6.0,-9.0,1.0,-2.0,-8.0,-4.0,2.0,8.0,0.0,-2.0,-2.0,-3.0,-5.0,1.0,-5.0,-7.0,3.0,-1.0,-3.0,-5.0,-5.0,-6.0,6.0,2.0,1.0,2.0,2.0,21.0,5.0,-1.0,-1.0,-4.0,-6.0,-2.0,-1.0,5
-33.0,-7.0,-1.0,-1.0,2.0,4.0,0.0,-2.0,79.0,14.0,-1.0,-8.0,-14.0,-4.0,-2.0,15.0,-6.0,29.0,3.0,6.0,7.0,2.0,3.0,3.0,7.0,-5.0,3.0,2.0,4.0,2.0,1.0,-1.0,2.0,-39.0,-8.0,-8.0,-2.0,-2.0,-4.0,-9.0,-28.0,-10.0,-2.0,4.0,-1.0,-3.0,3.0,-3.0,-37.0,-33.0,-5.0,-3.0,-3.0,-8.0,-4.0,-4.0,64.0,8.0,-1.0,-11.0,-15.0,-2.0,1.0,-1.0,5
-24.0,13.0,1.0,8.0,14.0,6.0,4.0,-2.0,-15.0,6.0,2.0,-2.0,0.0,1.0,7.0,8.0,10.0,-8.0,-2.0,0.0,4.0,-7.0,-7.0,3.0,-3.0,14.0,-1.0,6.0,9.0,3.0,6.0,-1.0,9.0,-14.0,-2.0,-8.0,-19.0,-15.0,-12.0,-10.0,-9.0,-3.0,-1.0,0.0,4.0,11.0,1.0,-4.0,1.0,4.0,-2.0,-7.0,-21.0,-7.0,-7.0,1.0,17.0,-3.0,0.0,-3.0,6.0,8.0,6.0,4.0,5
-7.0,17.0,0.0,7.0,12.0,-1.0,2.0,7.0,-10.0,-5.0,5.0,9.0,16.0,5.0,5.0,1.0,-31.0,-20.0,-6.0,-2.0,-3.0,-4.0,-5.0,-6.0,-12.0,-4.0,0.0,-2.0,-5.0,0.0,2.0,-17.0,19.0,9.0,-1.0,-8.0,-15.0,-7.0,-9.0,19.0,-30.0,-25.0,-5.0,-3.0,-2.0,-6.0,-10.0,-16.0,27.0,6.0,1.0,-7.0,-5.0,1.0,4.0,6.0,-7.0,1.0,-2.0,2.0,0.0,-7.0,-5.0,-5.0,5
21.0,46.0,9.0,5.0,11.0,6.0,7.0,9.0,-3.0,-3.0,3.0,14.0,13.0,9.0,4.0,4.0,2.0,4.0,0.0,6.0,5.0,-6.0,1.0,-2.0,-18.0,-12.0,-4.0,-6.0,-9.0,-3.0,-2.0,3.0,-1.0,34.0,0.0,-6.0,-13.0,0.0,-3.0,-14.0,-24.0,-23.0,-4.0,0.0,-4.0,4.0,-5.0,-3.0,57.0,36.0,4.0,0.0,3.0,-10.0,-3.0,1.0,-19.0,6.0,2.0,3.0,1.0,3.0,-2.0,-2.0,5
-3.0,-10.0,2.0,-4.0,-7.0,1.0,4.0,2.0,7.0,8.0,1.0,-3.0,8.0,-3.0,-3.0,-1.0,-25.0,-12.0,-9.0,-6.0,-16.0,-10.0,-4.0,-28.0,-7.0,-10.0,-2.0,8.0,20.0,1.0,-5.0,16.0,7.0,-6.0,-5.0,1.0,-5.0,-5.0,-1.0,-4.0,-1.0,-5.0,-4.0,-9.0,-9.0,-6.0,2.0,-7.0,-31.0,-10.0,1.0,4.0,5.0,10.0,-1.0,-2.0,32.0,8.0,-2.0,-12.0,-15.0,-2.0,6.0,7.0,5
-4.0,-15.0,-1.0,5.0,15.0,-1.0,-6.0,-9.0,5.0,4.0,-2.0,-1.0,-3.0,-7.0,-2.0,-7.0,4.0,6.0,1.0,-6.0,-12.0,2.0,2.0,9.0,8.0,-8.0,0.0,10.0,13.0,-1.0,-2.0,-3.0,-33.0,-4.0,-3.0,-2.0,-5.0,-2.0,0.0,-10.0,63.0,34.0,4.0,1.0,4.0,0.0,-4.0,16.0,-17.0,-17.0,-1.0,2.0,1.0,-6.0,-2.0,-7.0,-38.0,-3.0,-5.0,-6.0,-4.0,4.0,4.0,-2.0,5
44.0,18.0,-1.0,3.0,2.0,-5.0,-4.0,4.0,-8.0,7.0,2.0,0.0,-3.0,-1.0,2.0,-2.0,-1.0,7.0,-1.0,-4.0,-3.0,0.0,-2.0,0.0,-5.0,-11.0,-3.0,2.0,4.0,-1.0,-4.0,-6.0,-11.0,-26.0,-5.0,-2.0,-1.0,-3.0,-8.0,-6.0,-16.0,6.0,1.0,-7.0,-18.0,-3.0,4.0,5.0,4.0,-6.0,3.0,5.0,12.0,8.0,2.0,-3.0,5.0,-7.0,1.0,-5.0,-10.0,-9.0,-11.0,13.0,5
7.0,2.0,-3.0,-6.0,-8.0,-3.0,0.0,-2.0,0.0,-16.0,0.0,-4.0,-7.0,-5.0,-3.0,-5.0,20.0,-8.0,1.0,4.0,8.0,-1.0,-1.0,6.0,-5.0,26.0,1.0,-1.0,6.0,5.0,4.0,-5.0,8.0,-9.0,-1.0,-4.0,2.0,0.0,1.0,-2.0,-20.0,-10.0,-5.0,-1.0,2.0,-2.0,-3.0,0.0,-7.0,-4.0,-1.0,13.0,9.0,2.0,3.0,-11.0,3.0,1.0,2.0,-4.0,-3.0,-1.0,-12.0,-1.0,5
7.0,-1.0,0.0,0.0,-1.0,5.0,0.0,3.0,-9.0,-5.0,-4.0,-5.0,-5.0,4.0,3.0,-1.0,-7.0,1.0,1.0,9.0,8.0,-4.0,2.0,4.0,-16.0,-13.0,-1.0,-3.0,-1.0,1.0,0.0,-14.0,0.0,26.0,0.0,0.0,1.0,1.0,-5.0,6.0,-17.0,-44.0,-4.0,-7.0,-1.0,-2.0,-9.0,-19.0,1.0,5.0,-1.0,-3.0,-1.0,10.0,-4.0,13.0,-21.0,-4.0,0.0,1.0,-11.0,-10.0,2.0,-4.0,5
14.0,5.0,2.0,-2.0,-2.0,3.0,5.0,11.0,-2.0,2.0,-1.0,4.0,4.0,-4.0,-4.0,10.0,-7.0,-7.0,-4.0,-8.0,-2.0,2.0,3.0,-1.0,-19.0,-7.0,0.0,-2.0,0.0,-3.0,-6.0,-13.0,-32.0,-25.0,-6.0,-4.0,-4.0,1.0,5.0,9.0,42.0,21.0,2.0,5.0,3.0,-1.0,-4.0,-9.0,-9.0,-8.0,-2.0,-7.0,-9.0,-3.0,5.0,-22.0,-4.0,5.0,-2.0,-5.0,-8.0,-5.0,-7.0,25.0,5
18.0,1.0,2.0,3.0,-11.0,-6.0,0.0,-3.0,-3.0,2.0,-2.0,5.0,16.0,6.0,5.0,2.0,-2.0,11.0,-3.0,-6.0,-3.0,-3.0,-4.0,-1.0,6.0,-21.0,-1.0,-1.0,-2.0,-2.0,2.0,-14.0,-20.0,-14.0,-5.0,-11.0,-7.0,-1.0,-7.0,-7.0,1.0,9.0,2.0,2.0,-6.0,-19.0,-6.0,1.0,11.0,5.0,-2.0,7.0,5.0,4.0,-2.0,5.0,0.0,0.0,-1.0,0.0,4.0,1.0,8.0,3.0,5
0.0,17.0,3.0,0.0,-3.0,-4.0,-8.0,-2.0,-20.0,-24.0,-2.0,1.0,3.0,7.0,3.0,-12.0,14.0,21.0,3.0,-2.0,0.0,-2.0,-3.0,10.0,9.0,-2.0,-2.0,-1.0,-7.0,-4.0,2.0,2.0,-4.0,21.0,0.0,3.0,4.0,2.0,5.0,-2.0,36.0,8.0,-1.0,-1.0,-5.0,-2.0,0.0,-11.0,3.0,6.0,1.0,-2.0,-6.0,-3.0,2.0,5.0,-25.0,-6.0,-3.0,-2.0,-4.0,6.0,-2.0,12.0,5
37.0,-9.0,1.0,1.0,-2.0,-2.0,2.0,0.0,-7.0,19.0,0.0,-2.0,-3.0,0.0,-1.0,1.0,-5.0,-18.0,-5.0,-3.0,0.0,-2.0,-3.0,-2.0,14.0,5.0,-1.0,-5.0,-7.0,-3.0,-3.0,-6.0,-9.0,-18.0,-3.0,3.0,18.0,11.0,5.0,0.0,-17.0,-5.0,1.0,3.0,2.0,-15.0,-6.0,-5.0,-2.0,-10.0,-3.0,-5.0,-1.0,11.0,0.0,3.0,13.0,2.0,-1.0,-2.0,-8.0,-7.0,-3.0,-5.0,5
-32.0,-9.0,-4.0,-22.0,-27.0,-10.0,-4.0,-3.0,1.0,2.0,0.0,13.0,13.0,13.0,4.0,3.0,19.0,-24.0,3.0,11.0,2.0,-6.0,-6.0,3.0,-21.0,-5.0,-5.0,-6.0,0.0,4.0,2.0,-6.0,6.0,-8.0,3.0,6.0,3.0,-3.0,2.0,1.0,-11.0,-1.0,-3.0,-18.0,-20.0,-3.0,1.0,1.0,18.0,6.0,0.0,-5.0,-5.0,-7.0,-4.0,3.0,7.0,-2.0,0.0,0.0,3.0,3.0,2.0,1.0,5
-22.0,-2.0,0.0,4.0,3.0,-2.0,-5.0,-13.0,9.0,-2.0,-2.0,-6.0,-3.0,-2.0,-2.0,15.0,4.0,21.0,1.0,2.0,-1.0,-3.0,0.0,-4.0,19.0,12.0,2.0,-1.0,9.0,7.0,4.0,3.0,-2.0,-6.0,-3.0,-1.0,1.0,5.0,5.0,-8.0,-6.0,-8.0,-1.0,4.0,7.0,14.0,-9.0,-4.0,-16.0,-13.0,-6.0,-4.0,-10.0,-19.0,-9.0,-20.0,8.0,12.0,3.0,-7.0,-10.0,0.0,5.0,37.0,5
-32.0,-8.0,2.0,9.0,11.0,4.0,3.0,4.0,0.0,3.0,0.0,2.0,3.0,-4.0,-6.0,-8.0,-10.0,1.0,-3.0,-11.0,-9.0,2.0,3.0,-1.0,0.0,-6.0,-4.0,16.0,16.0,0.0,-4.0,-11.0,-23.0,-15.0,-3.0,-1.0,-2.0,-1.0,-3.0,-6.0,0.0,3.0,-1.0,-7.0,-9.0,2.0,5.0,7.0,-2.0,11.0,3.0,-3.0,-2.0,5.0,-1.0,2.0,-14.0,-16.0,-1.0,2.0,-2.0,-3.0,-4.0,-11.0,5
0.0,5.0,-3.0,2.0,7.0,-2.0,0.0,12.0,-6.0,-4.0,-4.0,-10.0,-7.0,-5.0,-6.0,-14.0,27.0,-4.0,-2.0,5.0,2.0,-1.0,4.0,7.0,-8.0,-4.0,-2.0,-4.0,7.0,5.0,4.0,-21.0,11.0,-5.0,-5.0,0.0,-2.0,-3.0,-6.0,14.0,-1.0,-1.0,-1.0,-10.0,-9.0,-13.0,-7.0,-6.0,-26.0,-9.0,-1.0,2.0,-1.0,-2.0,-3.0,-3.0,6.0,-13.0,1.0,4.0,3.0,-6.0,-1.0,-4.0,5
19.0,19.0,-2.0,-3.0,-8.0,-5.0,2.0,-6.0,-20.0,-5.0,-2.0,-2.0,3.0,9.0,9.0,5.0,-22.0,4.0,-1.0,-7.0,-7.0,-3.0,-9.0,0.0,8.0,13.0,-2.0,-7.0,-12.0,2.0,1.0,0.0,-7.0,-3.0,-2.0,-3.0,1.0,1.0,-1.0,-8.0,8.0,0.0,1.0,11.0,10.0,2.0,0.0,10.0,-26.0,-18.0,-2.0,-2.0,10.0,5.0,1.0,-5.0,12.0,18.0,1.0,4.0,6.0,2.0,-1.0,-6.0,5
-4.0,-9.0,0.0,-5.0,-7.0,-5.0,-4.0,3.0,-3.0,-8.0,-2.0,-2.0,-5.0,-2.0,4.0,-3.0,-19.0,-4.0,0.0,1.0,3.0,-1.0,0.0,-11.0,19.0,3.0,-3.0,-4.0,-8.0,-9.0,-8.0,7.0,36.0,10.0,2.0,-5.0,-4.0,2.0,7.0,3.0,-10.0,-5.0,-1.0,6.0,7.0,-2.0,-4.0,-12.0,10.0,0.0,0.0,-6.0,4.0,4.0,7.0,4.0,-16.0,-8.0,1.0,4.0,2.0,7.0,6.0,11.0,5
-4.0,17.0,0.0,4.0,7.0,0.0,1.0,-7.0,2.0,-13.0,-2.0,-3.0,-10.0,-10.0,-3.0,5.0,-7.0,-18.0,-1.0,-2.0,-5.0,-3.0,1.0,-5.0,-3.0,18.0,1.0,-1.0,-1.0,1.0,-5.0,-10.0,11.0,-10.0,-3.0,-5.0,-4.0,-2.0,-3.0,0.0,10.0,16.0,-2.0,-4.0,-10.0,1.0,-1.0,1.0,2.0,1.0,2.0,6.0,16.0,5.0,1.0,2.0,-14.0,-4.0,-3.0,-2.0,0.0,0.0,-3.0,-12.0,5
54.0,12.0,-1.0,-5.0,-13.0,-6.0,0.0,21.0,-17.0,4.0,0.0,3.0,7.0,2.0,0.0,-1.0,0.0,-4.0,0.0,13.0,9.0,-7.0,-5.0,5.0,31.0,6.0,-1.0,1.0,6.0,-1.0,1.0,3.0,-22.0,-13.0,-3.0,-11.0,-13.0,0.0,-9.0,-16.0,4.0,-6.0,-3.0,1.0,-3.0,-12.0,0.0,2.0,29.0,8.0,0.0,7.0,10.0,7.0,2.0,-1.0,-27.0,-16.0,-2.0,0.0,6.0,6.0,4.0,-1.0,5
-35.0,-13.0,-1.0,-2.0,-4.0,-12.0,-10.0,-11.0,56.0,18.0,4.0,-8.0,-9.0,1.0,-1.0,12.0,-8.0,-3.0,-7.0,-7.0,-14.0,-14.0,-4.0,1.0,7.0,-2.0,-2.0,2.0,-1.0,-3.0,-1.0,-27.0,-4.0,-6.0,2.0,0.0,7.0,4.0,4.0,23.0,-16.0,0.0,3.0,6.0,7.0,1.0,2.0,-7.0,-31.0,-2.0,-3.0,-9.0,-11.0,-1.0,-2.0,-3.0,23.0,-16.0,0.0,-9.0,-8.0,-2.0,-4.0,0.0,5
-19.0,3.0,2.0,4.0,8.0,5.0,4.0,-6.0,-8.0,-2.0,-3.0,4.0,5.0,3.0,-1.0,-3.0,6.0,-1.0,1.0,-3.0,-5.0,0.0,2.0,7.0,-26.0,-6.0,-2.0,-5.0,-6.0,-2.0,6.0,3.0,3.0,22.0,2.0,6.0,7.0,0.0,-5.0,-18.0,19.0,0.0,0.0,-18.0,-13.0,2.0,1.0,1.0,-3.0,16.0,1.0,0.0,-4.0,-6.0,-1.0,-7.0,-2.0,22.0,5.0,6.0,4.0,1.0,-2.0,8.0,5
-5.0,-12.0,-3.0,11.0,9.0,-4.0,-4.0,-2.0,-19.0,-12.0,-2.0,-2.0,1.0,9.0,7.0,-1.0,61.0,8.0,1.0,-6.0,-12.0,1.0,5.0,11.0,-16.0,1.0,-5.0,-23.0,-24.0,-10.0,-7.0,-1.0,8.0,-8.0,-4.0,5.0,-1.0,1.0,3.0,-2.0,1.0,-3.0,5.0,30.0,33.0,7.0,-1.0,-5.0,1.0,2.0,-4.0,-11.0,-7.0,5.0,1.0,2.0,-6.0,3.0,6.0,7.0,-3.0,-9.0,-3.0,3.0,5
-2.0,-1.0,-3.0,-9.0,-6.0,1.0,0.0,-7.0,-33.0,-11.0,-6.0,-12.0,-8.0,-3.0,-3.0,-16.0,1.0,20.0,2.0,8.0,13.0,9.0,0.0,27.0,4.0,-9.0,-6.0,-9.0,-8.0,-4.0,-3.0,-5.0,-8.0,-6.0,-1.0,-1.0,0.0,-1.0,-1.0,-10.0,30.0,9.0,3.0,1.0,-5.0,-4.0,-1.0,17.0,1.0,-5.0,-3.0,-4.0,0.0,9.0,0.0,-11.0,-2.0,-6.0,-1.0,-1.0,-2.0,-10.0,-2.0,-5.0,5
-23.0,-8.0,-2.0,3.0,7.0,5.0,4.0,15.0,9.0,-6.0,-6.0,-3.0,1.0,-7.0,-12.0,-22.0,-12.0,-1.0,1.0,-8.0,-11.0,1.0,4.0,6.0,-14.0,-11.0,-4.0,-5.0,0.0,-2.0,-3.0,3.0,13.0,-6.0,1.0,10.0,-1.0,0.0,-2.0,-9.0,-7.0,0.0,-1.0,-5.0,-7.0,-4.0,-8.0,4.0,-2.0,-15.0,-3.0,1.0,0.0,-5.0,-2.0,-6.0,-9.0,5.0,-1.0,-6.0,-2.0,0.0,4.0,5.0,5
16.0,7.0,5.0,15.0,9.0,-1.0,-3.0,3.0,-14.0,1.0,-3.0,-5.0,-5.0,-1.0,0.0,-1.0,-5.0,-9.0,0.0,-6.0,-6.0,-2.0,-3.0,-9.0,15.0,13.0,1.0,-4.0,1.0,9.0,7.0,4.0,-29.0,-20.0,-5.0,6.0,4.0,1.0,0.0,-9.0,-72.0,-30.0,-1.0,-5.0,-5.0,-4.0,-1.0,-6.0,95.0,13.0,4.0,4.0,6.0,-4.0,-1.0,5.0,-20.0,10.0,-1.0,-2.0,-2.0,-3.0,2.0,-1.0,5
-6.0,31.0,2.0,-12.0,-17.0,-7.0,-3.0,-9.0,20.0,5.0,-1.0,-26.0,-23.0,7.0,-1.0,9.0,-44.0,-9.0,-3.0,26.0,17.0,-7.0,-6.0,1.0,-14.0,-37.0,-4.0,6.0,14.0,6.0,-2.0,-8.0,49.0,12.0,0.0,-2.0,-1.0,-4.0,-2.0,5.0,8.0,13.0,0.0,3.0,3.0,4.0,6.0,8.0,-28.0,-8.0,-2.0,-11.0,-12.0,-1.0,0.0,-16.0,18.0,10.0,-1.0,8.0,5.0,-1.0,-6.0,-2.0,5
-15.0,-8.0,0.0,-2.0,-2.0,-5.0,-13.0,1.0,-2.0,-7.0,-4.0,-8.0,-6.0,0.0,4.0,2.0,-8.0,-7.0,-1.0,1.0,-3.0,1.0,0.0,-1.0,5.0,-9.0,-4.0,5.0,3.0,3.0,0.0,-9.0,-20.0,-3.0,-1.0,-5.0,5.0,-5.0,-6.0,1.0,47.0,7.0,-2.0,-24.0,-28.0,-11.0,-4.0,-6.0,-3.0,2.0,2.0,27.0,24.0,6.0,1.0,3.0,1.0,3.0,1.0,3.0,11.0,1.0,1.0,1.0,5
-14.0,-6.0,-3.0,-5.0,5.0,8.0,4.0,-4.0,-11.0,-17.0,-5.0,6.0,5.0,3.0,2.0,-4.0,-15.0,16.0,-7.0,-16.0,-13.0,-10.0,-8.0,-14.0,2.0,-5.0,0.0,5.0,1.0,-6.0,-6.0,7.0,4.0,-7.0,-2.0,1.0,-2.0,0.0,2.0,-1.0,-5.0,-4.0,1.0,13.0,12.0,0.0,4.0,-2.0,-10.0,-24.0,-1.0,-3.0,0.0,5.0,1.0,8.0,-19.0,1.0,-2.0,-2.0,-3.0,-9.0,-2.0,-4.0,5
-6.0,-6.0,1.0,-4.0,-1.0,-1.0,0.0,1.0,-4.0,-5.0,-1.0,6.0,4.0,5.0,0.0,-2.0,10.0,7.0,0.0,-5.0,-5.0,-19.0,-3.0,-7.0,10.0,0.0,1.0,5.0,2.0,2.0,3.0,3.0,-23.0,1.0,1.0,-7.0,-6.0,-3.0,-3.0,3.0,12.0,2.0,-1.0,-5.0,-11.0,-10.0,-4.0,-1.0,15.0,0.0,-5.0,-43.0,-30.0,2.0,5.0,5.0,-16.0,0.0,4.0,63.0,53.0,7.0,0.0,-4.0,5
-36.0,-10.0,0.0,-6.0,2.0,-2.0,0.0,-1.0,1.0,-6.0,-1.0,-1.0,1.0,0.0,-5.0,-9.0,36.0,-3.0,-4.0,-12.0,-18.0,-13.0,-7.0,2.0,-10.0,11.0,2.0,-17.0,-22.0,-7.0,-2.0,2.0,-1.0,-4.0,0.0,8.0,9.0,7.0,-4.0,-17.0,10.0,-4.0,-2.0,1.0,-5.0,-3.0,3.0,22.0,-18.0,-2.0,0.0,6.0,9.0,7.0,5.0,-2.0,35.0,38.0,3.0,-9.0,-8.0,2.0,5.0,-7.0,5
15.0,0.0,-1.0,2.0,-5.0,-18.0,-12.0,3.0,8.0,1.0,0.0,-5.0,1.0,-2.0,5.0,-3.0,-2.0,-18.0,4.0,-7.0,-13.0,-7.0,-6.0,1.0,6.0,-1.0,-2.0,0.0,-1.0,0.0,1.0,3.0,-5.0,-3.0,-3.0,-26.0,-24.0,1.0,1.0,-5.0,17.0,-11.0,-1.0,29.0,25.0,0.0,-4.0,-5.0,-3.0,-5.0,-1.0,-4.0,7.0,6.0,5.0,15.0,12.0,6.0,0.0,2.0,2.0,-1.0,-2.0,-6.0,5
-9.0,-9.0,-3.0,2.0,-2.0,0.0,-3.0,-6.0,-7.0,7.0,-1.0,-18.0,-17.0,0.0,-2.0,-9.0,29.0,32.0,-1.0,1.0,-1.0,5.0,1.0,23.0,-59.0,-23.0,-2.0,0.0,0.0,-4.0,4.0,-4.0,43.0,8.0,-2.0,-3.0,-5.0,2.0,-1.0,1.0,-4.0,-6.0,3.0,2.0,1.0,-4.0,-12.0,7.0,0.0,36.0,0.0,9.0,10.0,-3.0,3.0,-8.0,-17.0,-10.0,1.0,-4.0,0.0,4.0,-1.0,3.0,5
-11.0,-5.0,-1.0,3.0,4.0,8.0,3.0,-2.0,-23.0,-13.0,-4.0,-2.0,8.0,-8.0,-3.0,-7.0,-1.0,-2.0,1.0,-6.0,-5.0,2.0,4.0,-3.0,14.0,-1.0,-5.0,-4.0,-4.0,-3.0,-6.0,-16.0,6.0,17.0,2.0,1.0,1.0,-3.0,-3.0,11.0,15.0,1.0,-1.0,4.0,4.0,5.0,6.0,5.0,-24.0,-20.0,-5.0,-9.0,-10.0,4.0,5.0,-12.0,24.0,7.0,-1.0,3.0,-3.0,-10.0,-8.0,-5.0,5
-32.0,-11.0,0.0,5.0,7.0,2.0,-2.0,-13.0,1.0,-6.0,-4.0,-13.0,-19.0,-4.0,3.0,9.0,-8.0,3.0,0.0,1.0,-5.0,-3.0,-4.0,3.0,-6.0,-3.0,-1.0,-5.0,1.0,-2.0,6.0,1.0,14.0,0.0,0.0,12.0,7.0,-4.0,-2.0,2.0,-1.0,-11.0,-5.0,-10.0,-13.0,-11.0,-6.0,-12.0,6.0,0.0,-1.0,3.0,6.0,2.0,5.0,2.0,-13.0,-19.0,2.0,-1.0,2.0,2.0,-11.0,-15.0,5
-9.0,-1.0,1.0,9.0,14.0,-2.0,7.0,12.0,12.0,-8.0,-2.0,-6.0,-5.0,2.0,-6.0,4.0,-6.0,-10.0,0.0,1.0,-1.0,7.0,0.0,-8.0,8.0,41.0,1.0,0.0,-10.0,-7.0,1.0,4.0,-12.0,-20.0,-4.0,0.0,2.0,0.0,-5.0,-10.0,2.0,-8.0,-1.0,-13.0,-18.0,-12.0,1.0,-4.0,-14.0,-14.0,-7.0,0.0,-5.0,-8.0,-5.0,7.0,30.0,0.0,0.0,9.0,20.0,8.0,3.0,5.0,5
-23.0,-9.0,-1.0,6.0,10.0,-1.0,1.0,-1.0,3.0,14.0,1.0,-7.0,-5.0,1.0,2.0,3.0,4.0,-10.0,-2.0,1.0,-3.0,-3.0,-6.0,-33.0,10.0,-6.0,-7.0,-25.0,-27.0,-7.0,-2.0,37.0,9.0,2.0,4.0,34.0,23.0,-4.0,-4.0,-3.0,-12.0,-2.0,-1.0,-8.0,-6.0,-7.0,-6.0,-5.0,-14.0,-5.0,-2.0,-2.0,-4.0,-6.0,-3.0,-4.0,-5.0,-9.0,-2.0,-3.0,-4.0,5.0,2.0,-7.0,5
-4.0,5.0,-1.0,-12.0,-11.0,-3.0,-1.0,-2.0,38.0,13.0,2.0,2.0,0.0,5.0,5.0,10.0,-2.0,-2.0,0.0,-9.0,-10.0,-10.0,-13.0,-13.0,-28.0,-14.0,1.0,13.0,10.0,-3.0,5.0,10.0,33.0,12.0,-2.0,-13.0,-14.0,-9.0,-2.0,-3.0,3.0,-1.0,-1.0,9.0,11.0,2.0,-2.0,-3.0,16.0,-17.0,0.0,-1.0,9.0,5.0,-5.0,-1.0,-8.0,-10.0,-3.0,-3.0,-3.0,3.0,-4.0,-12.0,5
-27.0,1.0,1.0,-3.0,-5.0,7.0,-4.0,-3.0,9.0,21.0,3.0,-7.0,-8.0,-1.0,7.0,2.0,-9.0,-16.0,-9.0,-9.0,-10.0,-5.0,0.0,0.0,-9.0,2.0,2.0,18.0,16.0,-4.0,-9.0,-6.0,2.0,-3.0,-2.0,-8.0,-4.0,1.0,3.0,-2.0,-30.0,-3.0,0.0,1.0,6.0,3.0,2.0,2.0,-25.0,6.0,-1.0,0.0,1.0,3.0,0.0,-10.0,2.0,3.0,0.0,-2.0,1.0,3.0,11.0,9.0,5
-6.0,-47.0,-10.0,-15.0,-16.0,-6.0,-9.0,-5.0,11.0,3.0,1.0,10.0,2.0,1.0,-1.0,-5.0,1.0,4.0,-2.0,-3.0,1.0,0.0,-4.0,-2.0,8.0,-6.0,0.0,4.0,13.0,17.0,10.0,0.0,-28.0,-3.0,1.0,9.0,2.0,0.0,-3.0,-4.0,60.0,7.0,-2.0,-6.0,-3.0,-8.0,-9.0,-4.0,-2.0,-10.0,-3.0,-6.0,-18.0,-12.0,-1.0,1.0,0.0,6.0,-1.0,-8.0,-16.0,0.0,-3.0,-3.0,5
16.0,16.0,4.0,5.0,15.0,15.0,14.0,12.0,-27.0,-13.0,-4.0,-1.0,-7.0,-4.0,-5.0,-9.0,-29.0,-36.0,-3.0,4.0,8.0,-3.0,3.0,4.0,24.0,6.0,-2.0,-6.0,-10.0,-6.0,-12.0,-1.0,-2.0,14.0,-2.0,-5.0,-7.0,-2.0,-3.0,2.0,-15.0,1.0,-2.0,1.0,8.0,6.0,6.0,4.0,11.0,12.0,1.0,-1.0,-5.0,1.0,3.0,2.0,-39.0,0.0,-1.0,-6.0,-9.0,-3.0,1.0,-2.0,5
-1.0,-8.0,-4.0,10.0,12.0,1.0,3.0,-3.0,-4.0,3.0,-1.0,-2.0,-1.0,-3.0,-10.0,-2.0,7.0,12.0,1.0,3.0,5.0,4.0,6.0,10.0,-32.0,-17.0,-6.0,-1.0,3.0,0.0,-4.0,-34.0,63.0,24.0,3.0,4.0,1.0,-6.0,-12.0,16.0,1.0,33.0,6.0,1.0,-4.0,-1.0,0.0,2.0,9.0,14.0,1.0,4.0,4.0,-1.0,-1.0,6.0,9.0,-1.0,-1.0,-8.0,-8.0,-6.0,2.0,0.0,5
